date,spy_close,spy_200d_ma,spy_pct_from_252d_high,vix,synth_3x_qqq_nav_proxy,trend_only_position,trend_plus_vix_gate_position,trend_plus_trailing_stop_position
2000-01-03,91.37,84.35,-0.98,24.21,496567.87,SYNTH_3X_QQQ,SYNTH_3X_QQQ,BIL_EXTENDED (stopped)
2000-01-04,87.79,84.38,-4.85,27.01,394353.13,SYNTH_3X_QQQ,SYNTH_3X_QQQ,BIL_EXTENDED (stopped)
2000-01-05,87.95,84.43,-4.68,26.41,364175.07,SYNTH_3X_QQQ,BIL_EXTENDED,BIL_EXTENDED (stopped)
2000-01-06,86.54,84.46,-6.21,25.73,289129.94,SYNTH_3X_QQQ,BIL_EXTENDED,BIL_EXTENDED (stopped)
2000-01-07,91.56,84.52,-0.77,21.72,396400.29,SYNTH_3X_QQQ,BIL_EXTENDED,BIL_EXTENDED (stopped)
2000-01-10,91.88,84.58,-0.43,21.71,429418.7,SYNTH_3X_QQQ,SYNTH_3X_QQQ,BIL_EXTENDED (stopped)
2000-01-11,90.78,84.62,-1.62,22.5,366730.78,SYNTH_3X_QQQ,SYNTH_3X_QQQ,BIL_EXTENDED (stopped)
2000-01-12,89.88,84.67,-2.6,22.84,342494.31,SYNTH_3X_QQQ,SYNTH_3X_QQQ,BIL_EXTENDED (stopped)
2000-01-13,91.09,84.72,-1.28,21.71,404414.06,SYNTH_3X_QQQ,SYNTH_3X_QQQ,BIL_EXTENDED (stopped)
2000-01-14,92.33,84.78,0.0,19.66,432651.26,SYNTH_3X_QQQ,SYNTH_3X_QQQ,BIL_EXTENDED (stopped)
2000-01-18,91.6,84.83,-0.79,21.5,439586.23,SYNTH_3X_QQQ,SYNTH_3X_QQQ,BIL_EXTENDED (stopped)
2000-01-19,92.35,84.88,0.0,21.72,469421.79,SYNTH_3X_QQQ,SYNTH_3X_QQQ,BIL_EXTENDED (stopped)
2000-01-20,90.94,84.92,-1.53,21.75,455650.94,SYNTH_3X_QQQ,SYNTH_3X_QQQ,BIL_EXTENDED (stopped)
2000-01-21,90.74,84.95,-1.74,20.82,472709.37,SYNTH_3X_QQQ,SYNTH_3X_QQQ,BIL_EXTENDED (stopped)
2000-01-24,88.17,84.97,-4.53,24.07,404548.05,SYNTH_3X_QQQ,SYNTH_3X_QQQ,BIL_EXTENDED (stopped)
2000-01-25,89.17,84.99,-3.44,23.02,422745.75,SYNTH_3X_QQQ,SYNTH_3X_QQQ,BIL_EXTENDED (stopped)
2000-01-26,88.46,85.01,-4.21,23.03,371591.11,SYNTH_3X_QQQ,SYNTH_3X_QQQ,BIL_EXTENDED (stopped)
2000-01-27,88.11,85.04,-4.59,23.54,387971.0,SYNTH_3X_QQQ,SYNTH_3X_QQQ,BIL_EXTENDED (stopped)
2000-01-28,85.36,85.05,-7.57,26.14,329318.49,SYNTH_3X_QQQ,SYNTH_3X_QQQ,BIL_EXTENDED (stopped)
2000-01-31,87.68,85.08,-5.06,24.95,371667.99,SYNTH_3X_QQQ,BIL_EXTENDED,BIL_EXTENDED (stopped)
2000-02-01,88.54,85.12,-4.12,23.45,401568.66,SYNTH_3X_QQQ,SYNTH_3X_QQQ,BIL_EXTENDED (stopped)
2000-02-02,88.62,85.15,-4.04,23.12,411773.09,SYNTH_3X_QQQ,SYNTH_3X_QQQ,BIL_EXTENDED (stopped)
2000-02-03,89.95,85.18,-2.59,22.01,459973.35,SYNTH_3X_QQQ,SYNTH_3X_QQQ,BIL_EXTENDED (stopped)
2000-02-04,89.58,85.21,-3.0,21.54,469340.21,SYNTH_3X_QQQ,SYNTH_3X_QQQ,BIL_EXTENDED (stopped)
2000-02-07,89.44,85.23,-3.15,22.79,488796.49,SYNTH_3X_QQQ,SYNTH_3X_QQQ,BIL_EXTENDED (stopped)
2000-02-08,90.66,85.26,-1.83,21.25,550187.52,SYNTH_3X_QQQ,SYNTH_3X_QQQ,BIL_EXTENDED (stopped)
2000-02-09,88.76,85.28,-3.89,22.9,491864.06,SYNTH_3X_QQQ,SYNTH_3X_QQQ,BIL_EXTENDED (stopped)
2000-02-10,88.93,85.3,-3.7,23.07,540286.89,SYNTH_3X_QQQ,SYNTH_3X_QQQ,BIL_EXTENDED (stopped)
2000-02-11,87.13,85.32,-5.65,24.42,502618.62,SYNTH_3X_QQQ,SYNTH_3X_QQQ,BIL_EXTENDED (stopped)
2000-02-14,87.64,85.34,-5.1,24.38,500712.35,SYNTH_3X_QQQ,SYNTH_3X_QQQ,BIL_EXTENDED (stopped)
2000-02-15,88.63,85.36,-4.03,22.92,511517.25,SYNTH_3X_QQQ,SYNTH_3X_QQQ,BIL_EXTENDED (stopped)
2000-02-16,87.32,85.38,-5.44,23.51,504337.95,SYNTH_3X_QQQ,SYNTH_3X_QQQ,BIL_EXTENDED (stopped)
2000-02-17,86.87,85.39,-5.93,23.17,536471.26,SYNTH_3X_QQQ,SYNTH_3X_QQQ,BIL_EXTENDED (stopped)
2000-02-18,85.01,85.4,-7.95,26.0,478337.63,SYNTH_3X_QQQ,SYNTH_3X_QQQ,BIL_EXTENDED (stopped)
2000-02-22,84.79,85.4,-8.18,25.86,482876.34,BIL_EXTENDED,BIL_EXTENDED,BIL_EXTENDED
2000-02-23,85.79,85.41,-7.1,23.89,563540.86,BIL_EXTENDED,BIL_EXTENDED,BIL_EXTENDED
2000-02-24,84.06,85.41,-8.97,24.38,600007.39,SYNTH_3X_QQQ,SYNTH_3X_QQQ,SYNTH_3X_QQQ
2000-02-25,83.76,85.41,-9.3,25.2,558787.94,BIL_EXTENDED,BIL_EXTENDED,BIL_EXTENDED
2000-02-28,85.52,85.4,-7.4,24.68,557760.11,BIL_EXTENDED,BIL_EXTENDED,BIL_EXTENDED
2000-02-29,86.34,85.42,-6.51,23.37,601983.89,SYNTH_3X_QQQ,SYNTH_3X_QQQ,SYNTH_3X_QQQ
2000-03-01,86.97,85.44,-5.82,21.64,616763.88,SYNTH_3X_QQQ,SYNTH_3X_QQQ,SYNTH_3X_QQQ
2000-03-02,87.03,85.45,-5.76,21.06,573894.77,SYNTH_3X_QQQ,SYNTH_3X_QQQ,SYNTH_3X_QQQ
2000-03-03,88.66,85.48,-4.0,19.21,670979.48,SYNTH_3X_QQQ,SYNTH_3X_QQQ,SYNTH_3X_QQQ
2000-03-06,87.79,85.5,-4.93,21.5,686812.96,SYNTH_3X_QQQ,SYNTH_3X_QQQ,SYNTH_3X_QQQ
2000-03-07,86.1,85.51,-6.77,24.31,655725.37,SYNTH_3X_QQQ,SYNTH_3X_QQQ,SYNTH_3X_QQQ
2000-03-08,85.99,85.54,-6.89,23.82,673543.16,SYNTH_3X_QQQ,SYNTH_3X_QQQ,SYNTH_3X_QQQ
2000-03-09,88.5,85.58,-4.17,22.21,741629.19,SYNTH_3X_QQQ,SYNTH_3X_QQQ,SYNTH_3X_QQQ
2000-03-10,88.03,85.61,-4.68,21.24,731928.09,SYNTH_3X_QQQ,SYNTH_3X_QQQ,SYNTH_3X_QQQ
2000-03-13,87.07,85.64,-5.72,22.85,674367.95,SYNTH_3X_QQQ,SYNTH_3X_QQQ,SYNTH_3X_QQQ
2000-03-14,85.83,85.67,-7.06,24.41,599498.02,SYNTH_3X_QQQ,SYNTH_3X_QQQ,BIL_EXTENDED (stopped)
2000-03-15,87.83,85.7,-4.89,22.34,524101.48,SYNTH_3X_QQQ,SYNTH_3X_QQQ,BIL_EXTENDED (stopped)
2000-03-16,91.94,85.76,-0.45,20.77,613872.76,SYNTH_3X_QQQ,SYNTH_3X_QQQ,BIL_EXTENDED (stopped)
2000-03-17,92.54,85.81,0.0,22.37,648777.8,SYNTH_3X_QQQ,SYNTH_3X_QQQ,BIL_EXTENDED (stopped)
2000-03-20,92.07,85.86,-0.51,22.96,593864.84,SYNTH_3X_QQQ,SYNTH_3X_QQQ,BIL_EXTENDED (stopped)
2000-03-21,93.96,85.91,0.0,21.7,661053.15,SYNTH_3X_QQQ,SYNTH_3X_QQQ,BIL_EXTENDED (stopped)
2000-03-22,94.53,85.97,0.0,21.49,700957.4,SYNTH_3X_QQQ,SYNTH_3X_QQQ,BIL_EXTENDED (stopped)
2000-03-23,96.15,86.04,0.0,22.26,737823.55,SYNTH_3X_QQQ,SYNTH_3X_QQQ,BIL_EXTENDED (stopped)
2000-03-24,96.72,86.12,0.0,23.31,767610.92,SYNTH_3X_QQQ,SYNTH_3X_QQQ,BIL_EXTENDED (stopped)
2000-03-27,95.69,86.19,-1.06,24.53,771254.88,SYNTH_3X_QQQ,SYNTH_3X_QQQ,BIL_EXTENDED (stopped)
2000-03-28,95.14,86.26,-1.63,24.86,712275.82,SYNTH_3X_QQQ,SYNTH_3X_QQQ,BIL_EXTENDED (stopped)
2000-03-29,95.24,86.33,-1.53,24.1,623797.15,SYNTH_3X_QQQ,SYNTH_3X_QQQ,BIL_EXTENDED (stopped)
2000-03-30,93.65,86.39,-3.17,25.47,576988.55,SYNTH_3X_QQQ,SYNTH_3X_QQQ,BIL_EXTENDED (stopped)
2000-03-31,94.71,86.44,-2.08,24.11,613279.98,SYNTH_3X_QQQ,BIL_EXTENDED,BIL_EXTENDED (stopped)
2000-04-03,95.26,86.5,-1.51,24.03,502992.99,SYNTH_3X_QQQ,SYNTH_3X_QQQ,BIL_EXTENDED (stopped)
2000-04-04,94.55,86.55,-2.24,27.12,488315.15,SYNTH_3X_QQQ,SYNTH_3X_QQQ,BIL_EXTENDED (stopped)
2000-04-05,93.96,86.6,-2.85,28.41,462249.04,SYNTH_3X_QQQ,BIL_EXTENDED,BIL_EXTENDED (stopped)
2000-04-06,94.78,86.66,-2.0,27.15,495125.58,SYNTH_3X_QQQ,BIL_EXTENDED,BIL_EXTENDED (stopped)
2000-04-07,95.38,86.72,-1.38,24.39,554884.16,SYNTH_3X_QQQ,BIL_EXTENDED,BIL_EXTENDED (stopped)
2000-04-10,95.0,86.79,-1.77,25.99,453384.12,SYNTH_3X_QQQ,SYNTH_3X_QQQ,BIL_EXTENDED (stopped)
2000-04-11,94.73,86.84,-2.06,27.25,421103.4,SYNTH_3X_QQQ,BIL_EXTENDED,BIL_EXTENDED (stopped)
2000-04-12,92.13,86.88,-4.74,28.98,346775.81,SYNTH_3X_QQQ,BIL_EXTENDED,BIL_EXTENDED (stopped)
2000-04-13,90.85,86.91,-6.06,29.4,301530.71,SYNTH_3X_QQQ,BIL_EXTENDED,BIL_EXTENDED (stopped)
2000-04-14,85.66,86.91,-11.44,33.49,223138.6,SYNTH_3X_QQQ,BIL_EXTENDED,BIL_EXTENDED (stopped)
2000-04-17,88.65,86.91,-8.34,28.95,300169.88,BIL_EXTENDED,BIL_EXTENDED,BIL_EXTENDED
2000-04-18,90.99,86.93,-5.92,26.12,324022.17,SYNTH_3X_QQQ,BIL_EXTENDED,SYNTH_3X_QQQ
2000-04-19,90.14,86.95,-6.8,27.02,294292.62,SYNTH_3X_QQQ,BIL_EXTENDED,SYNTH_3X_QQQ
2000-04-20,90.58,86.97,-6.35,25.85,275101.98,SYNTH_3X_QQQ,BIL_EXTENDED,BIL_EXTENDED (stopped)
2000-04-24,89.59,86.97,-7.37,27.37,251443.79,SYNTH_3X_QQQ,BIL_EXTENDED,BIL_EXTENDED (stopped)
2000-04-25,93.31,87.0,-3.52,25.24,302335.54,SYNTH_3X_QQQ,BIL_EXTENDED,BIL_EXTENDED (stopped)
2000-04-26,92.26,87.03,-4.61,26.97,271307.65,SYNTH_3X_QQQ,BIL_EXTENDED,BIL_EXTENDED (stopped)
2000-04-27,91.95,87.05,-4.92,26.19,307393.95,SYNTH_3X_QQQ,BIL_EXTENDED,BIL_EXTENDED (stopped)
2000-04-28,91.38,87.07,-5.51,26.2,342753.31,SYNTH_3X_QQQ,BIL_EXTENDED,BIL_EXTENDED (stopped)
2000-05-01,92.62,87.09,-4.23,25.88,352236.36,SYNTH_3X_QQQ,BIL_EXTENDED,BIL_EXTENDED (stopped)
2000-05-02,90.77,87.1,-6.15,28.5,291444.93,SYNTH_3X_QQQ,BIL_EXTENDED,BIL_EXTENDED (stopped)
2000-05-03,88.65,87.11,-8.34,31.63,281732.61,SYNTH_3X_QQQ,BIL_EXTENDED,BIL_EXTENDED (stopped)
2000-05-04,89.32,87.13,-7.65,30.77,283500.07,SYNTH_3X_QQQ,BIL_EXTENDED,BIL_EXTENDED (stopped)
2000-05-05,90.4,87.16,-6.53,27.53,303724.93,SYNTH_3X_QQQ,BIL_EXTENDED,BIL_EXTENDED (stopped)
2000-05-08,89.72,87.18,-7.23,28.2,268213.4,SYNTH_3X_QQQ,BIL_EXTENDED,BIL_EXTENDED (stopped)
2000-05-09,89.0,87.2,-7.98,28.93,251034.46,SYNTH_3X_QQQ,BIL_EXTENDED,BIL_EXTENDED (stopped)
2000-05-10,86.99,87.22,-10.05,29.87,196294.21,SYNTH_3X_QQQ,BIL_EXTENDED,BIL_EXTENDED (stopped)
2000-05-11,88.98,87.23,-8.0,27.76,232283.97,BIL_EXTENDED,BIL_EXTENDED,BIL_EXTENDED
2000-05-12,89.95,87.26,-7.0,26.05,232275.21,SYNTH_3X_QQQ,BIL_EXTENDED,SYNTH_3X_QQQ
2000-05-15,91.5,87.31,-5.39,24.86,262630.29,SYNTH_3X_QQQ,BIL_EXTENDED,SYNTH_3X_QQQ
2000-05-16,92.39,87.35,-4.48,24.34,284924.2,SYNTH_3X_QQQ,SYNTH_3X_QQQ,SYNTH_3X_QQQ
2000-05-17,91.42,87.4,-5.47,23.98,267265.15,SYNTH_3X_QQQ,SYNTH_3X_QQQ,SYNTH_3X_QQQ
2000-05-18,90.3,87.44,-6.63,23.96,238519.07,SYNTH_3X_QQQ,SYNTH_3X_QQQ,BIL_EXTENDED (stopped)
2000-05-19,88.88,87.47,-8.1,25.44,204609.73,SYNTH_3X_QQQ,SYNTH_3X_QQQ,BIL_EXTENDED (stopped)
2000-05-22,88.21,87.51,-8.79,26.0,204132.47,SYNTH_3X_QQQ,BIL_EXTENDED,BIL_EXTENDED (stopped)
2000-05-23,86.92,87.53,-10.13,25.87,153013.4,SYNTH_3X_QQQ,BIL_EXTENDED,BIL_EXTENDED (stopped)
2000-05-24,88.33,87.57,-8.67,24.32,181769.66,BIL_EXTENDED,BIL_EXTENDED,BIL_EXTENDED
2000-05-25,86.82,87.6,-10.24,24.58,169758.95,SYNTH_3X_QQQ,SYNTH_3X_QQQ,SYNTH_3X_QQQ
2000-05-26,86.92,87.63,-10.13,24.47,169752.55,BIL_EXTENDED,BIL_EXTENDED,BIL_EXTENDED
2000-05-30,89.75,87.66,-7.2,23.62,220917.69,BIL_EXTENDED,BIL_EXTENDED,BIL_EXTENDED
2000-05-31,89.95,87.69,-7.0,23.65,202028.72,SYNTH_3X_QQQ,SYNTH_3X_QQQ,SYNTH_3X_QQQ
2000-06-01,91.52,87.73,-5.37,22.36,233009.52,SYNTH_3X_QQQ,SYNTH_3X_QQQ,SYNTH_3X_QQQ
2000-06-02,93.12,87.78,-3.72,21.48,283002.29,SYNTH_3X_QQQ,SYNTH_3X_QQQ,SYNTH_3X_QQQ
2000-06-05,92.66,87.83,-4.19,22.71,285117.04,SYNTH_3X_QQQ,SYNTH_3X_QQQ,SYNTH_3X_QQQ
2000-06-06,92.25,87.87,-4.62,23.05,261327.05,SYNTH_3X_QQQ,SYNTH_3X_QQQ,SYNTH_3X_QQQ
2000-06-07,92.89,87.91,-3.96,22.48,282258.79,SYNTH_3X_QQQ,SYNTH_3X_QQQ,SYNTH_3X_QQQ
2000-06-08,92.52,87.94,-4.33,22.77,278293.74,SYNTH_3X_QQQ,SYNTH_3X_QQQ,SYNTH_3X_QQQ
2000-06-09,92.33,87.97,-4.54,22.14,282760.34,SYNTH_3X_QQQ,SYNTH_3X_QQQ,SYNTH_3X_QQQ
2000-06-12,91.25,88.0,-5.66,22.32,255604.59,SYNTH_3X_QQQ,SYNTH_3X_QQQ,BIL_EXTENDED (stopped)
2000-06-13,92.96,88.04,-3.89,21.67,285168.78,SYNTH_3X_QQQ,SYNTH_3X_QQQ,BIL_EXTENDED (stopped)
2000-06-14,93.12,88.09,-3.72,21.48,265869.78,SYNTH_3X_QQQ,SYNTH_3X_QQQ,BIL_EXTENDED (stopped)
2000-06-15,93.31,88.15,-3.52,20.68,279928.86,SYNTH_3X_QQQ,SYNTH_3X_QQQ,BIL_EXTENDED (stopped)
2000-06-16,92.55,88.19,-4.31,20.5,284396.8,SYNTH_3X_QQQ,SYNTH_3X_QQQ,BIL_EXTENDED (stopped)
2000-06-19,93.73,88.25,-3.09,20.63,318333.12,SYNTH_3X_QQQ,SYNTH_3X_QQQ,BIL_EXTENDED (stopped)
2000-06-20,93.39,88.29,-3.44,20.88,314666.24,SYNTH_3X_QQQ,SYNTH_3X_QQQ,BIL_EXTENDED (stopped)
2000-06-21,93.35,88.34,-3.48,20.61,326741.25,SYNTH_3X_QQQ,SYNTH_3X_QQQ,BIL_EXTENDED (stopped)
2000-06-22,91.93,88.37,-4.95,22.0,290792.07,SYNTH_3X_QQQ,SYNTH_3X_QQQ,BIL_EXTENDED (stopped)
2000-06-23,91.14,88.41,-5.76,22.34,256435.12,SYNTH_3X_QQQ,SYNTH_3X_QQQ,BIL_EXTENDED (stopped)
2000-06-26,92.32,88.45,-4.55,22.45,277444.95,SYNTH_3X_QQQ,SYNTH_3X_QQQ,BIL_EXTENDED (stopped)
2000-06-27,91.64,88.48,-5.25,21.8,267473.05,SYNTH_3X_QQQ,SYNTH_3X_QQQ,BIL_EXTENDED (stopped)
2000-06-28,91.89,88.52,-4.99,20.29,277182.7,SYNTH_3X_QQQ,SYNTH_3X_QQQ,BIL_EXTENDED (stopped)
2000-06-29,91.03,88.57,-5.88,19.7,256300.5,SYNTH_3X_QQQ,SYNTH_3X_QQQ,BIL_EXTENDED (stopped)
2000-06-30,91.72,88.61,-5.17,19.54,271367.45,SYNTH_3X_QQQ,SYNTH_3X_QQQ,BIL_EXTENDED (stopped)
2000-07-03,92.98,88.66,-3.86,19.83,287149.4,SYNTH_3X_QQQ,SYNTH_3X_QQQ,BIL_EXTENDED (stopped)
2000-07-05,91.3,88.69,-5.6,21.16,253788.29,SYNTH_3X_QQQ,SYNTH_3X_QQQ,BIL_EXTENDED (stopped)
2000-07-06,92.01,88.74,-4.86,20.94,274047.16,SYNTH_3X_QQQ,SYNTH_3X_QQQ,BIL_EXTENDED (stopped)
2000-07-07,93.49,88.8,-3.33,19.22,290982.33,SYNTH_3X_QQQ,SYNTH_3X_QQQ,BIL_EXTENDED (stopped)
2000-07-10,93.33,88.87,-3.5,20.33,277749.44,SYNTH_3X_QQQ,SYNTH_3X_QQQ,BIL_EXTENDED (stopped)
2000-07-11,93.53,88.94,-3.29,20.11,282286.28,SYNTH_3X_QQQ,SYNTH_3X_QQQ,BIL_EXTENDED (stopped)
2000-07-12,94.14,89.0,-2.66,20.03,302332.47,SYNTH_3X_QQQ,SYNTH_3X_QQQ,BIL_EXTENDED (stopped)
2000-07-13,94.56,89.07,-2.23,20.03,313979.47,SYNTH_3X_QQQ,SYNTH_3X_QQQ,BIL_EXTENDED (stopped)
2000-07-14,95.48,89.15,-1.27,19.32,334288.7,SYNTH_3X_QQQ,SYNTH_3X_QQQ,BIL_EXTENDED (stopped)
2000-07-17,95.33,89.23,-1.44,19.45,345488.25,SYNTH_3X_QQQ,SYNTH_3X_QQQ,BIL_EXTENDED (stopped)
2000-07-18,94.55,89.3,-2.24,19.75,322555.61,SYNTH_3X_QQQ,SYNTH_3X_QQQ,BIL_EXTENDED (stopped)
2000-07-19,93.79,89.36,-3.03,19.65,300661.38,SYNTH_3X_QQQ,SYNTH_3X_QQQ,BIL_EXTENDED (stopped)
2000-07-20,95.09,89.42,-1.68,18.94,329634.57,SYNTH_3X_QQQ,SYNTH_3X_QQQ,BIL_EXTENDED (stopped)
2000-07-21,93.24,89.47,-3.6,18.94,296371.47,SYNTH_3X_QQQ,SYNTH_3X_QQQ,BIL_EXTENDED (stopped)
2000-07-24,92.7,89.52,-4.15,19.92,278027.84,SYNTH_3X_QQQ,SYNTH_3X_QQQ,BIL_EXTENDED (stopped)
2000-07-25,93.0,89.57,-3.84,19.39,284602.35,SYNTH_3X_QQQ,SYNTH_3X_QQQ,BIL_EXTENDED (stopped)
2000-07-26,92.09,89.61,-4.78,19.67,283476.9,SYNTH_3X_QQQ,SYNTH_3X_QQQ,BIL_EXTENDED (stopped)
2000-07-27,91.78,89.66,-5.11,19.6,250116.01,SYNTH_3X_QQQ,SYNTH_3X_QQQ,BIL_EXTENDED (stopped)
2000-07-28,89.7,89.7,-7.25,20.84,209271.34,SYNTH_3X_QQQ,SYNTH_3X_QQQ,BIL_EXTENDED (stopped)
2000-07-31,90.28,89.75,-6.66,20.74,227781.66,BIL_EXTENDED,BIL_EXTENDED,BIL_EXTENDED
2000-08-01,90.83,89.82,-6.09,20.55,218699.92,SYNTH_3X_QQQ,SYNTH_3X_QQQ,SYNTH_3X_QQQ
2000-08-02,91.28,89.88,-5.62,20.0,207075.4,SYNTH_3X_QQQ,SYNTH_3X_QQQ,SYNTH_3X_QQQ
2000-08-03,91.91,89.94,-4.97,19.99,233940.9,SYNTH_3X_QQQ,SYNTH_3X_QQQ,SYNTH_3X_QQQ
2000-08-04,92.41,90.0,-4.46,18.62,231507.0,SYNTH_3X_QQQ,SYNTH_3X_QQQ,SYNTH_3X_QQQ
2000-08-07,93.51,90.06,-3.31,19.03,247874.12,SYNTH_3X_QQQ,SYNTH_3X_QQQ,SYNTH_3X_QQQ
2000-08-08,93.87,90.13,-2.95,18.79,262978.86,SYNTH_3X_QQQ,SYNTH_3X_QQQ,SYNTH_3X_QQQ
2000-08-09,93.08,90.19,-3.76,19.18,242014.54,SYNTH_3X_QQQ,SYNTH_3X_QQQ,SYNTH_3X_QQQ
2000-08-10,92.62,90.25,-4.23,19.19,227642.97,SYNTH_3X_QQQ,SYNTH_3X_QQQ,BIL_EXTENDED (stopped)
2000-08-11,93.06,90.31,-3.78,18.55,237139.31,SYNTH_3X_QQQ,SYNTH_3X_QQQ,BIL_EXTENDED (stopped)
2000-08-14,94.24,90.36,-2.56,17.88,252266.98,SYNTH_3X_QQQ,SYNTH_3X_QQQ,BIL_EXTENDED (stopped)
2000-08-15,94.16,90.4,-2.64,17.98,252257.47,SYNTH_3X_QQQ,SYNTH_3X_QQQ,BIL_EXTENDED (stopped)
2000-08-16,93.83,90.44,-2.99,18.02,259876.73,SYNTH_3X_QQQ,SYNTH_3X_QQQ,BIL_EXTENDED (stopped)
2000-08-17,94.81,90.49,-1.97,17.48,274909.76,SYNTH_3X_QQQ,SYNTH_3X_QQQ,BIL_EXTENDED (stopped)
2000-08-18,94.5,90.54,-2.29,17.05,270592.77,SYNTH_3X_QQQ,SYNTH_3X_QQQ,BIL_EXTENDED (stopped)
2000-08-21,95.01,90.59,-1.76,17.35,272713.08,SYNTH_3X_QQQ,SYNTH_3X_QQQ,BIL_EXTENDED (stopped)
2000-08-22,94.85,90.63,-1.93,17.47,272702.8,SYNTH_3X_QQQ,SYNTH_3X_QQQ,BIL_EXTENDED (stopped)
2000-08-23,95.23,90.68,-1.54,17.38,286077.77,SYNTH_3X_QQQ,SYNTH_3X_QQQ,BIL_EXTENDED (stopped)
2000-08-24,95.52,90.72,-1.23,17.04,299329.94,SYNTH_3X_QQQ,SYNTH_3X_QQQ,BIL_EXTENDED (stopped)
2000-08-25,95.48,90.77,-1.27,16.53,294478.75,SYNTH_3X_QQQ,SYNTH_3X_QQQ,BIL_EXTENDED (stopped)
2000-08-28,95.81,90.82,-0.94,16.54,298691.8,SYNTH_3X_QQQ,SYNTH_3X_QQQ,BIL_EXTENDED (stopped)
2000-08-29,95.83,90.86,-0.92,16.89,303228.85,SYNTH_3X_QQQ,SYNTH_3X_QQQ,BIL_EXTENDED (stopped)
2000-08-30,94.91,90.89,-1.87,17.69,302068.82,SYNTH_3X_QQQ,SYNTH_3X_QQQ,BIL_EXTENDED (stopped)
2000-08-31,96.18,90.93,-0.56,16.84,327261.58,SYNTH_3X_QQQ,SYNTH_3X_QQQ,BIL_EXTENDED (stopped)
2000-09-01,96.27,90.97,-0.46,17.53,336910.35,SYNTH_3X_QQQ,SYNTH_3X_QQQ,BIL_EXTENDED (stopped)
2000-09-05,95.5,91.0,-1.25,19.82,306120.18,SYNTH_3X_QQQ,SYNTH_3X_QQQ,BIL_EXTENDED (stopped)
2000-09-06,94.42,91.02,-2.38,20.79,273804.94,SYNTH_3X_QQQ,SYNTH_3X_QQQ,BIL_EXTENDED (stopped)
2000-09-07,95.23,91.05,-1.54,19.42,291976.47,SYNTH_3X_QQQ,SYNTH_3X_QQQ,BIL_EXTENDED (stopped)
2000-09-08,94.58,91.08,-2.21,18.46,265186.08,SYNTH_3X_QQQ,SYNTH_3X_QQQ,BIL_EXTENDED (stopped)
2000-09-11,94.44,91.11,-2.36,18.4,245835.73,SYNTH_3X_QQQ,SYNTH_3X_QQQ,BIL_EXTENDED (stopped)
2000-09-12,93.75,91.14,-3.07,18.59,234403.32,SYNTH_3X_QQQ,SYNTH_3X_QQQ,BIL_EXTENDED (stopped)
2000-09-13,94.0,91.17,-2.81,18.32,250748.67,SYNTH_3X_QQQ,SYNTH_3X_QQQ,BIL_EXTENDED (stopped)
2000-09-14,94.47,91.2,-2.32,18.26,246716.48,SYNTH_3X_QQQ,SYNTH_3X_QQQ,BIL_EXTENDED (stopped)
2000-09-15,92.4,91.22,-4.46,18.52,233276.93,SYNTH_3X_QQQ,SYNTH_3X_QQQ,BIL_EXTENDED (stopped)
2000-09-18,91.55,91.24,-5.34,20.25,222251.04,SYNTH_3X_QQQ,SYNTH_3X_QQQ,BIL_EXTENDED (stopped)
2000-09-19,92.38,91.25,-4.48,19.54,246816.95,SYNTH_3X_QQQ,SYNTH_3X_QQQ,BIL_EXTENDED (stopped)
2000-09-20,91.7,91.26,-5.19,19.93,258229.72,SYNTH_3X_QQQ,SYNTH_3X_QQQ,BIL_EXTENDED (stopped)
2000-09-21,90.31,91.27,-6.63,20.18,201934.47,SYNTH_3X_QQQ,SYNTH_3X_QQQ,BIL_EXTENDED (stopped)
2000-09-22,91.95,91.29,-4.93,20.74,237740.12,BIL_EXTENDED,BIL_EXTENDED,BIL_EXTENDED
2000-09-25,91.29,91.3,-5.61,21.41,218785.9,SYNTH_3X_QQQ,SYNTH_3X_QQQ,SYNTH_3X_QQQ
2000-09-26,90.13,91.31,-6.81,21.88,211295.75,BIL_EXTENDED,BIL_EXTENDED,BIL_EXTENDED
2000-09-27,90.6,91.31,-6.32,21.67,212173.6,BIL_EXTENDED,BIL_EXTENDED,BIL_EXTENDED
2000-09-28,91.77,91.33,-5.12,19.47,226379.64,BIL_EXTENDED,BIL_EXTENDED,BIL_EXTENDED
2000-09-29,90.9,91.34,-6.02,20.57,205510.41,SYNTH_3X_QQQ,SYNTH_3X_QQQ,SYNTH_3X_QQQ
2000-10-02,91.04,91.35,-5.87,21.23,191608.91,BIL_EXTENDED,BIL_EXTENDED,BIL_EXTENDED
2000-10-03,90.19,91.36,-6.75,21.85,173379.21,BIL_EXTENDED,BIL_EXTENDED,BIL_EXTENDED
2000-10-04,90.94,91.37,-5.97,21.54,183434.77,BIL_EXTENDED,BIL_EXTENDED,BIL_EXTENDED
2000-10-05,91.25,91.37,-5.65,21.03,185035.06,BIL_EXTENDED,BIL_EXTENDED,BIL_EXTENDED
2000-10-06,89.28,91.36,-7.69,22.71,166443.65,BIL_EXTENDED,BIL_EXTENDED,BIL_EXTENDED
2000-10-09,88.6,91.35,-8.39,24.02,164181.4,BIL_EXTENDED,BIL_EXTENDED,BIL_EXTENDED
2000-10-10,87.14,91.32,-9.9,24.86,138467.72,BIL_EXTENDED,BIL_EXTENDED,BIL_EXTENDED
2000-10-11,86.41,91.3,-10.66,26.57,131831.82,BIL_EXTENDED,BIL_EXTENDED,BIL_EXTENDED
2000-10-12,84.25,91.26,-12.89,30.51,121883.33,BIL_EXTENDED,BIL_EXTENDED,BIL_EXTENDED
2000-10-13,87.06,91.23,-9.98,27.6,151690.49,BIL_EXTENDED,BIL_EXTENDED,BIL_EXTENDED
2000-10-16,87.46,91.21,-9.57,26.79,155885.21,BIL_EXTENDED,BIL_EXTENDED,BIL_EXTENDED
2000-10-17,85.28,91.18,-11.82,27.84,134492.59,BIL_EXTENDED,BIL_EXTENDED,BIL_EXTENDED
2000-10-18,84.97,91.16,-12.15,28.72,133198.59,BIL_EXTENDED,BIL_EXTENDED,BIL_EXTENDED
2000-10-19,88.17,91.16,-8.84,25.09,169375.0,BIL_EXTENDED,BIL_EXTENDED,BIL_EXTENDED
2000-10-20,88.55,91.17,-8.45,24.24,176835.22,BIL_EXTENDED,BIL_EXTENDED,BIL_EXTENDED
2000-10-23,88.94,91.16,-8.04,24.69,176060.7,BIL_EXTENDED,BIL_EXTENDED,BIL_EXTENDED
2000-10-24,88.35,91.14,-8.65,24.28,153455.76,BIL_EXTENDED,BIL_EXTENDED,BIL_EXTENDED
2000-10-25,86.27,91.12,-10.8,26.65,127641.43,BIL_EXTENDED,BIL_EXTENDED,BIL_EXTENDED
2000-10-26,86.51,91.1,-10.56,28.62,137471.06,BIL_EXTENDED,BIL_EXTENDED,BIL_EXTENDED
2000-10-27,88.15,91.09,-8.86,26.47,136659.13,BIL_EXTENDED,BIL_EXTENDED,BIL_EXTENDED
2000-10-30,88.94,91.07,-8.04,25.46,121466.61,BIL_EXTENDED,BIL_EXTENDED,BIL_EXTENDED
2000-10-31,90.47,91.07,-6.46,23.63,144900.05,BIL_EXTENDED,BIL_EXTENDED,BIL_EXTENDED
2000-11-01,90.17,91.06,-6.77,24.28,141153.51,BIL_EXTENDED,BIL_EXTENDED,BIL_EXTENDED
2000-11-02,90.32,91.05,-6.62,23.92,146375.99,BIL_EXTENDED,BIL_EXTENDED,BIL_EXTENDED
2000-11-03,90.36,91.05,-6.57,23.67,152060.56,BIL_EXTENDED,BIL_EXTENDED,BIL_EXTENDED
2000-11-06,91.0,91.06,-5.91,24.52,148622.23,BIL_EXTENDED,BIL_EXTENDED,BIL_EXTENDED
2000-11-07,90.98,91.07,-5.93,24.91,146926.52,BIL_EXTENDED,BIL_EXTENDED,BIL_EXTENDED
2000-11-08,88.96,91.08,-8.02,25.66,112453.47,BIL_EXTENDED,BIL_EXTENDED,BIL_EXTENDED
2000-11-09,88.62,91.08,-8.37,27.2,112379.56,BIL_EXTENDED,BIL_EXTENDED,BIL_EXTENDED
2000-11-10,86.47,91.08,-10.6,28.53,94836.41,BIL_EXTENDED,BIL_EXTENDED,BIL_EXTENDED
2000-11-13,85.8,91.07,-11.29,29.06,95266.67,BIL_EXTENDED,BIL_EXTENDED,BIL_EXTENDED
2000-11-14,88.05,91.07,-8.96,26.81,111109.75,BIL_EXTENDED,BIL_EXTENDED,BIL_EXTENDED
2000-11-15,88.33,91.07,-8.67,26.15,117835.26,BIL_EXTENDED,BIL_EXTENDED,BIL_EXTENDED
2000-11-16,86.94,91.06,-10.11,25.05,97271.52,BIL_EXTENDED,BIL_EXTENDED,BIL_EXTENDED
2000-11-17,86.48,91.04,-10.59,24.81,97080.15,BIL_EXTENDED,BIL_EXTENDED,BIL_EXTENDED
2000-11-20,85.24,91.02,-11.86,27.43,85204.41,BIL_EXTENDED,BIL_EXTENDED,BIL_EXTENDED
2000-11-21,85.68,90.99,-11.41,26.62,84801.01,BIL_EXTENDED,BIL_EXTENDED,BIL_EXTENDED
2000-11-22,83.63,90.97,-13.53,27.71,73399.8,BIL_EXTENDED,BIL_EXTENDED,BIL_EXTENDED
2000-11-24,85.34,90.95,-11.76,26.0,85997.63,BIL_EXTENDED,BIL_EXTENDED,BIL_EXTENDED
2000-11-27,86.09,90.95,-10.98,26.93,82789.4,BIL_EXTENDED,BIL_EXTENDED,BIL_EXTENDED
2000-11-28,84.61,90.93,-12.52,27.64,68114.14,BIL_EXTENDED,BIL_EXTENDED,BIL_EXTENDED
2000-11-29,84.45,90.91,-12.68,27.49,60257.77,BIL_EXTENDED,BIL_EXTENDED,BIL_EXTENDED
2000-11-30,83.72,90.89,-13.44,29.65,60390.14,BIL_EXTENDED,BIL_EXTENDED,BIL_EXTENDED
2000-12-01,83.68,90.88,-13.48,27.48,63309.26,BIL_EXTENDED,BIL_EXTENDED,BIL_EXTENDED
2000-12-04,84.39,90.87,-12.74,27.78,66274.5,BIL_EXTENDED,BIL_EXTENDED,BIL_EXTENDED
2000-12-05,87.16,90.88,-9.88,24.99,83669.0,BIL_EXTENDED,BIL_EXTENDED,BIL_EXTENDED
2000-12-06,85.77,90.88,-11.32,25.07,74122.76,BIL_EXTENDED,BIL_EXTENDED,BIL_EXTENDED
2000-12-07,84.59,90.89,-12.54,25.34,69214.88,BIL_EXTENDED,BIL_EXTENDED,BIL_EXTENDED
2000-12-08,84.79,90.89,-12.33,22.41,73895.89,BIL_EXTENDED,BIL_EXTENDED,BIL_EXTENDED
2000-12-11,87.73,90.9,-9.29,23.51,94676.22,BIL_EXTENDED,BIL_EXTENDED,BIL_EXTENDED
2000-12-12,87.36,90.91,-9.68,24.88,84290.31,BIL_EXTENDED,BIL_EXTENDED,BIL_EXTENDED
2000-12-13,86.16,90.9,-10.91,23.63,73975.91,BIL_EXTENDED,BIL_EXTENDED,BIL_EXTENDED
2000-12-14,85.06,90.89,-12.05,24.86,63126.44,BIL_EXTENDED,BIL_EXTENDED,BIL_EXTENDED
2000-12-15,83.14,90.87,-14.03,26.55,58778.82,BIL_EXTENDED,BIL_EXTENDED,BIL_EXTENDED
2000-12-18,84.25,90.85,-12.89,27.7,59121.71,BIL_EXTENDED,BIL_EXTENDED,BIL_EXTENDED
2000-12-19,82.54,90.83,-14.66,27.17,45609.25,BIL_EXTENDED,BIL_EXTENDED,BIL_EXTENDED
2000-12-20,80.15,90.8,-17.13,31.74,37760.94,BIL_EXTENDED,BIL_EXTENDED,BIL_EXTENDED
2000-12-21,80.7,90.76,-16.56,29.66,38426.43,BIL_EXTENDED,BIL_EXTENDED,BIL_EXTENDED
2000-12-22,83.12,90.74,-14.06,27.55,47549.68,BIL_EXTENDED,BIL_EXTENDED,BIL_EXTENDED
2000-12-26,84.02,90.72,-13.13,28.73,48432.03,BIL_EXTENDED,BIL_EXTENDED,BIL_EXTENDED
2000-12-27,84.63,90.72,-12.5,28.14,50071.16,BIL_EXTENDED,BIL_EXTENDED,BIL_EXTENDED
2000-12-28,84.89,90.7,-12.23,26.57,49764.24,BIL_EXTENDED,BIL_EXTENDED,BIL_EXTENDED
2000-12-29,83.28,90.66,-13.89,26.85,42320.54,BIL_EXTENDED,BIL_EXTENDED,BIL_EXTENDED
2001-01-02,81.77,90.61,-15.45,29.99,31580.19,BIL_EXTENDED,BIL_EXTENDED,BIL_EXTENDED
2001-01-03,85.7,90.57,-11.39,26.6,47535.31,BIL_EXTENDED,BIL_EXTENDED,BIL_EXTENDED
2001-01-04,84.78,90.53,-12.34,26.97,44964.12,BIL_EXTENDED,BIL_EXTENDED,BIL_EXTENDED
2001-01-05,82.01,90.46,-15.2,28.67,34649.49,BIL_EXTENDED,BIL_EXTENDED,BIL_EXTENDED
2001-01-08,82.65,90.4,-14.55,29.84,35795.54,BIL_EXTENDED,BIL_EXTENDED,BIL_EXTENDED
2001-01-09,82.43,90.33,-14.77,27.99,35794.19,BIL_EXTENDED,BIL_EXTENDED,BIL_EXTENDED
2001-01-10,83.88,90.27,-13.28,26.8,41302.65,BIL_EXTENDED,BIL_EXTENDED,BIL_EXTENDED
2001-01-11,83.96,90.21,-13.19,25.79,44903.79,BIL_EXTENDED,BIL_EXTENDED,BIL_EXTENDED
2001-01-12,83.8,90.15,-13.36,24.56,46635.25,BIL_EXTENDED,BIL_EXTENDED,BIL_EXTENDED
2001-01-16,84.33,90.11,-12.8,25.28,44960.88,BIL_EXTENDED,BIL_EXTENDED,BIL_EXTENDED
2001-01-17,84.72,90.06,-12.4,24.93,49073.32,BIL_EXTENDED,BIL_EXTENDED,BIL_EXTENDED
2001-01-18,85.56,90.01,-11.53,23.37,55265.66,BIL_EXTENDED,BIL_EXTENDED,BIL_EXTENDED
2001-01-19,85.08,89.96,-12.03,23.24,54640.82,BIL_EXTENDED,BIL_EXTENDED,BIL_EXTENDED
2001-01-22,85.64,89.92,-11.45,23.25,54793.35,BIL_EXTENDED,BIL_EXTENDED,BIL_EXTENDED
2001-01-23,86.32,89.88,-10.75,21.57,58235.24,BIL_EXTENDED,BIL_EXTENDED,BIL_EXTENDED
2001-01-24,86.58,89.83,-10.49,22.03,56581.39,BIL_EXTENDED,BIL_EXTENDED,BIL_EXTENDED
2001-01-25,86.36,89.79,-10.71,22.64,49941.23,BIL_EXTENDED,BIL_EXTENDED,BIL_EXTENDED
2001-01-26,86.26,89.75,-10.81,22.57,52371.07,BIL_EXTENDED,BIL_EXTENDED,BIL_EXTENDED
2001-01-29,86.72,89.72,-10.34,22.61,55852.2,BIL_EXTENDED,BIL_EXTENDED,BIL_EXTENDED
2001-01-30,87.48,89.7,-9.55,22.57,55224.91,BIL_EXTENDED,BIL_EXTENDED,BIL_EXTENDED
2001-01-31,86.98,89.71,-10.06,22.02,49141.9,BIL_EXTENDED,BIL_EXTENDED,BIL_EXTENDED
2001-02-01,87.56,89.71,-9.47,21.66,51088.89,BIL_EXTENDED,BIL_EXTENDED,BIL_EXTENDED
2001-02-02,85.58,89.68,-11.52,21.95,42617.89,BIL_EXTENDED,BIL_EXTENDED,BIL_EXTENDED
2001-02-05,86.2,89.66,-10.87,22.19,42512.44,BIL_EXTENDED,BIL_EXTENDED,BIL_EXTENDED
2001-02-06,85.95,89.64,-11.13,21.98,42718.2,BIL_EXTENDED,BIL_EXTENDED,BIL_EXTENDED
2001-02-07,85.51,89.61,-11.59,21.67,40636.17,BIL_EXTENDED,BIL_EXTENDED,BIL_EXTENDED
2001-02-08,84.51,89.57,-12.62,21.46,36993.45,BIL_EXTENDED,BIL_EXTENDED,BIL_EXTENDED
2001-02-09,83.7,89.53,-13.46,22.03,32480.34,BIL_EXTENDED,BIL_EXTENDED,BIL_EXTENDED
2001-02-12,84.65,89.49,-12.47,21.92,33653.95,BIL_EXTENDED,BIL_EXTENDED,BIL_EXTENDED
2001-02-13,83.96,89.45,-13.19,21.37,30415.8,BIL_EXTENDED,BIL_EXTENDED,BIL_EXTENDED
2001-02-14,83.84,89.41,-13.32,21.52,34048.04,BIL_EXTENDED,BIL_EXTENDED,BIL_EXTENDED
2001-02-15,84.65,89.38,-12.48,20.27,35735.85,BIL_EXTENDED,BIL_EXTENDED,BIL_EXTENDED
2001-02-16,82.78,89.35,-14.41,22.12,29731.64,BIL_EXTENDED,BIL_EXTENDED,BIL_EXTENDED
2001-02-20,81.51,89.31,-15.73,24.69,26268.17,BIL_EXTENDED,BIL_EXTENDED,BIL_EXTENDED
2001-02-21,79.75,89.26,-17.55,25.75,24051.29,BIL_EXTENDED,BIL_EXTENDED,BIL_EXTENDED
2001-02-22,79.87,89.21,-17.42,26.76,23349.88,BIL_EXTENDED,BIL_EXTENDED,BIL_EXTENDED
2001-02-23,79.33,89.16,-17.98,27.21,23596.25,BIL_EXTENDED,BIL_EXTENDED,BIL_EXTENDED
2001-02-26,81.02,89.13,-16.23,25.43,24937.0,BIL_EXTENDED,BIL_EXTENDED,BIL_EXTENDED
2001-02-27,80.27,89.09,-17.01,26.49,20417.3,BIL_EXTENDED,BIL_EXTENDED,BIL_EXTENDED
2001-02-28,78.69,89.03,-18.64,28.35,18478.93,BIL_EXTENDED,BIL_EXTENDED,BIL_EXTENDED
2001-03-01,79.1,88.97,-18.21,28.08,20055.48,BIL_EXTENDED,BIL_EXTENDED,BIL_EXTENDED
2001-03-02,78.47,88.9,-18.86,27.43,17465.58,BIL_EXTENDED,BIL_EXTENDED,BIL_EXTENDED
2001-03-05,79.19,88.84,-18.12,27.12,18418.63,BIL_EXTENDED,BIL_EXTENDED,BIL_EXTENDED
2001-03-06,80.04,88.79,-17.24,25.89,20567.74,BIL_EXTENDED,BIL_EXTENDED,BIL_EXTENDED
2001-03-07,80.61,88.75,-16.65,24.12,20591.99,BIL_EXTENDED,BIL_EXTENDED,BIL_EXTENDED
2001-03-08,80.7,88.71,-16.56,24.29,19441.17,BIL_EXTENDED,BIL_EXTENDED,BIL_EXTENDED
2001-03-09,78.31,88.66,-19.03,25.62,15351.76,BIL_EXTENDED,BIL_EXTENDED,BIL_EXTENDED
2001-03-12,74.96,88.6,-22.49,30.32,12491.87,BIL_EXTENDED,BIL_EXTENDED,BIL_EXTENDED
2001-03-13,76.19,88.54,-21.22,27.55,14396.2,BIL_EXTENDED,BIL_EXTENDED,BIL_EXTENDED
2001-03-14,74.69,88.48,-22.78,29.61,13715.51,BIL_EXTENDED,BIL_EXTENDED,BIL_EXTENDED
2001-03-15,74.71,88.41,-22.76,28.56,12210.22,BIL_EXTENDED,BIL_EXTENDED,BIL_EXTENDED
2001-03-16,73.21,88.32,-24.31,29.91,11384.15,BIL_EXTENDED,BIL_EXTENDED,BIL_EXTENDED
2001-03-19,74.7,88.24,-22.77,29.78,13091.34,BIL_EXTENDED,BIL_EXTENDED,BIL_EXTENDED
2001-03-20,72.69,88.14,-24.84,30.96,10448.97,BIL_EXTENDED,BIL_EXTENDED,BIL_EXTENDED
2001-03-21,71.46,88.03,-26.12,31.93,10448.57,BIL_EXTENDED,BIL_EXTENDED,BIL_EXTENDED
2001-03-22,70.73,87.92,-26.87,32.84,12351.46,BIL_EXTENDED,BIL_EXTENDED,BIL_EXTENDED
2001-03-23,72.87,87.82,-24.66,30.45,12350.99,BIL_EXTENDED,BIL_EXTENDED,BIL_EXTENDED
2001-03-26,73.8,87.73,-23.34,29.04,11493.46,BIL_EXTENDED,BIL_EXTENDED,BIL_EXTENDED
2001-03-27,75.31,87.65,-21.78,27.04,12680.58,BIL_EXTENDED,BIL_EXTENDED,BIL_EXTENDED
2001-03-28,73.23,87.56,-23.94,28.58,9557.6,BIL_EXTENDED,BIL_EXTENDED,BIL_EXTENDED
2001-03-29,73.51,87.46,-23.65,29.17,9015.56,BIL_EXTENDED,BIL_EXTENDED,BIL_EXTENDED
2001-03-30,74.28,87.36,-22.85,28.64,9154.1,BIL_EXTENDED,BIL_EXTENDED,BIL_EXTENDED
2001-04-02,72.69,87.26,-24.49,31.21,7926.2,BIL_EXTENDED,BIL_EXTENDED,BIL_EXTENDED
2001-04-03,70.27,87.15,-27.01,34.72,6183.83,BIL_EXTENDED,BIL_EXTENDED,BIL_EXTENDED
2001-04-04,70.56,87.03,-26.71,34.07,5857.1,BIL_EXTENDED,BIL_EXTENDED,BIL_EXTENDED
2001-04-05,73.23,86.93,-23.93,29.94,7539.18,BIL_EXTENDED,BIL_EXTENDED,BIL_EXTENDED
2001-04-06,72.12,86.83,-25.09,31.69,6714.46,BIL_EXTENDED,BIL_EXTENDED,BIL_EXTENDED
2001-04-09,72.92,86.73,-24.26,31.91,7330.56,BIL_EXTENDED,BIL_EXTENDED,BIL_EXTENDED
2001-04-10,74.25,86.65,-22.87,29.44,8962.58,BIL_EXTENDED,BIL_EXTENDED,BIL_EXTENDED
2001-04-11,74.3,86.56,-22.82,28.46,9772.93,BIL_EXTENDED,BIL_EXTENDED,BIL_EXTENDED
2001-04-12,75.65,86.48,-21.42,26.12,11059.74,BIL_EXTENDED,BIL_EXTENDED,BIL_EXTENDED
2001-04-16,74.86,86.39,-22.25,26.33,9082.51,BIL_EXTENDED,BIL_EXTENDED,BIL_EXTENDED
2001-04-17,75.91,86.32,-21.15,25.61,9759.13,BIL_EXTENDED,BIL_EXTENDED,BIL_EXTENDED
2001-04-18,78.93,86.25,-18.01,24.13,12810.71,BIL_EXTENDED,BIL_EXTENDED,BIL_EXTENDED
2001-04-19,79.98,86.19,-16.92,24.16,15130.51,BIL_EXTENDED,BIL_EXTENDED,BIL_EXTENDED
2001-04-20,79.25,86.13,-17.68,25.38,15223.92,BIL_EXTENDED,BIL_EXTENDED,BIL_EXTENDED
2001-04-23,77.81,86.06,-19.18,28.16,12156.52,BIL_EXTENDED,BIL_EXTENDED,BIL_EXTENDED
2001-04-24,77.39,85.98,-19.61,28.49,11469.49,BIL_EXTENDED,BIL_EXTENDED,BIL_EXTENDED
2001-04-25,78.4,85.9,-18.56,27.4,12090.43,BIL_EXTENDED,BIL_EXTENDED,BIL_EXTENDED
2001-04-26,78.75,85.83,-18.2,25.96,11165.11,BIL_EXTENDED,BIL_EXTENDED,BIL_EXTENDED
2001-04-27,80.06,85.76,-16.84,24.02,12079.22,BIL_EXTENDED,BIL_EXTENDED,BIL_EXTENDED
2001-04-30,80.62,85.69,-16.26,25.48,12881.39,BIL_EXTENDED,BIL_EXTENDED,BIL_EXTENDED
2001-05-01,80.87,85.61,-16.0,24.2,14471.88,BIL_EXTENDED,BIL_EXTENDED,BIL_EXTENDED
2001-05-02,80.73,85.54,-16.15,24.23,15311.65,BIL_EXTENDED,BIL_EXTENDED,BIL_EXTENDED
2001-05-03,79.7,85.47,-17.21,25.78,13266.59,BIL_EXTENDED,BIL_EXTENDED,BIL_EXTENDED
2001-05-04,81.06,85.4,-15.81,23.91,14456.68,BIL_EXTENDED,BIL_EXTENDED,BIL_EXTENDED
2001-05-07,80.36,85.33,-16.53,24.86,13556.33,BIL_EXTENDED,BIL_EXTENDED,BIL_EXTENDED
2001-05-08,80.32,85.27,-16.57,24.44,14417.46,BIL_EXTENDED,BIL_EXTENDED,BIL_EXTENDED
2001-05-09,79.98,85.2,-16.92,24.35,12936.27,BIL_EXTENDED,BIL_EXTENDED,BIL_EXTENDED
2001-05-10,80.22,85.14,-16.68,24.0,12285.51,BIL_EXTENDED,BIL_EXTENDED,BIL_EXTENDED
2001-05-11,79.66,85.08,-17.25,23.54,12107.88,BIL_EXTENDED,BIL_EXTENDED,BIL_EXTENDED
2001-05-14,79.82,85.02,-17.09,24.26,11525.29,BIL_EXTENDED,BIL_EXTENDED,BIL_EXTENDED
2001-05-15,80.19,84.97,-16.7,23.71,11779.43,BIL_EXTENDED,BIL_EXTENDED,BIL_EXTENDED
2001-05-16,82.08,84.93,-14.74,21.89,13344.37,BIL_EXTENDED,BIL_EXTENDED,BIL_EXTENDED
2001-05-17,82.21,84.88,-14.61,21.47,13980.66,BIL_EXTENDED,BIL_EXTENDED,BIL_EXTENDED
2001-05-18,82.58,84.84,-14.22,21.23,14102.71,BIL_EXTENDED,BIL_EXTENDED,BIL_EXTENDED
2001-05-21,83.8,84.8,-12.96,20.76,16753.03,BIL_EXTENDED,BIL_EXTENDED,BIL_EXTENDED
2001-05-22,83.69,84.76,-13.07,21.35,16604.77,BIL_EXTENDED,BIL_EXTENDED,BIL_EXTENDED
2001-05-23,82.27,84.7,-14.54,22.08,14402.1,BIL_EXTENDED,BIL_EXTENDED,BIL_EXTENDED
2001-05-24,82.51,84.64,-14.29,20.57,15511.69,BIL_EXTENDED,BIL_EXTENDED,BIL_EXTENDED
2001-05-25,81.54,84.59,-15.3,20.6,14662.47,BIL_EXTENDED,BIL_EXTENDED,BIL_EXTENDED
2001-05-29,80.89,84.53,-15.98,22.14,12084.99,BIL_EXTENDED,BIL_EXTENDED,BIL_EXTENDED
2001-05-30,79.76,84.46,-17.15,22.76,10756.01,BIL_EXTENDED,BIL_EXTENDED,BIL_EXTENDED
2001-05-31,80.17,84.39,-16.72,22.64,10973.48,BIL_EXTENDED,BIL_EXTENDED,BIL_EXTENDED
2001-06-01,80.67,84.32,-16.21,21.59,11944.58,BIL_EXTENDED,BIL_EXTENDED,BIL_EXTENDED
2001-06-04,81.06,84.26,-15.81,21.38,11772.94,BIL_EXTENDED,BIL_EXTENDED,BIL_EXTENDED
2001-06-05,81.99,84.2,-14.84,19.58,13329.18,BIL_EXTENDED,BIL_EXTENDED,BIL_EXTENDED
2001-06-06,81.31,84.13,-15.55,20.39,13019.5,BIL_EXTENDED,BIL_EXTENDED,BIL_EXTENDED
2001-06-07,81.6,84.06,-15.24,19.67,14022.63,BIL_EXTENDED,BIL_EXTENDED,BIL_EXTENDED
2001-06-08,80.84,83.99,-16.03,19.92,12855.91,BIL_EXTENDED,BIL_EXTENDED,BIL_EXTENDED
2001-06-11,80.27,83.92,-16.63,20.7,11796.57,BIL_EXTENDED,BIL_EXTENDED,BIL_EXTENDED
2001-06-12,80.13,83.84,-16.77,20.7,11604.0,BIL_EXTENDED,BIL_EXTENDED,BIL_EXTENDED
2001-06-13,79.44,83.76,-17.49,21.45,10653.46,BIL_EXTENDED,BIL_EXTENDED,BIL_EXTENDED
2001-06-14,77.66,83.67,-19.34,23.12,9003.01,BIL_EXTENDED,BIL_EXTENDED,BIL_EXTENDED
2001-06-15,77.78,83.58,-19.21,22.81,9226.42,BIL_EXTENDED,BIL_EXTENDED,BIL_EXTENDED
2001-06-18,77.41,83.49,-19.6,23.17,8855.72,BIL_EXTENDED,BIL_EXTENDED,BIL_EXTENDED
2001-06-19,77.74,83.4,-19.25,22.34,8722.64,BIL_EXTENDED,BIL_EXTENDED,BIL_EXTENDED
2001-06-20,78.15,83.31,-18.82,21.71,9316.76,BIL_EXTENDED,BIL_EXTENDED,BIL_EXTENDED
2001-06-21,79.04,83.23,-17.9,19.38,9695.43,BIL_EXTENDED,BIL_EXTENDED,BIL_EXTENDED
2001-06-22,78.42,83.15,-18.54,20.02,9627.97,BIL_EXTENDED,BIL_EXTENDED,BIL_EXTENDED
2001-06-25,77.7,83.06,-19.29,20.67,9701.08,BIL_EXTENDED,BIL_EXTENDED,BIL_EXTENDED
2001-06-26,77.59,82.97,-19.41,21.2,9801.38,BIL_EXTENDED,BIL_EXTENDED,BIL_EXTENDED
2001-06-27,77.55,82.89,-19.45,20.88,9990.25,BIL_EXTENDED,BIL_EXTENDED,BIL_EXTENDED
2001-06-28,77.97,82.81,-19.01,20.01,10373.13,BIL_EXTENDED,BIL_EXTENDED,BIL_EXTENDED
2001-06-29,78.26,82.73,-18.71,19.06,11320.03,BIL_EXTENDED,BIL_EXTENDED,BIL_EXTENDED
2001-07-02,79.24,82.66,-17.69,18.76,11133.81,BIL_EXTENDED,BIL_EXTENDED,BIL_EXTENDED
2001-07-03,79.22,82.59,-17.71,18.92,11273.01,BIL_EXTENDED,BIL_EXTENDED,BIL_EXTENDED
2001-07-05,77.67,82.52,-19.32,20.09,9649.82,BIL_EXTENDED,BIL_EXTENDED,BIL_EXTENDED
2001-07-06,76.0,82.44,-21.06,21.63,8450.15,BIL_EXTENDED,BIL_EXTENDED,BIL_EXTENDED
2001-07-09,76.41,82.36,-20.63,22.48,8668.96,BIL_EXTENDED,BIL_EXTENDED,BIL_EXTENDED
2001-07-10,75.49,82.29,-21.59,23.25,7733.85,BIL_EXTENDED,BIL_EXTENDED,BIL_EXTENDED
2001-07-11,75.57,82.21,-21.51,24.01,8019.99,BIL_EXTENDED,BIL_EXTENDED,BIL_EXTENDED
2001-07-12,77.36,82.14,-19.64,22.09,9545.45,BIL_EXTENDED,BIL_EXTENDED,BIL_EXTENDED
2001-07-13,78.03,82.08,-18.95,21.14,9249.53,BIL_EXTENDED,BIL_EXTENDED,BIL_EXTENDED
2001-07-16,77.06,82.01,-19.96,22.91,8734.72,BIL_EXTENDED,BIL_EXTENDED,BIL_EXTENDED
2001-07-17,77.78,81.94,-19.21,22.61,9322.2,BIL_EXTENDED,BIL_EXTENDED,BIL_EXTENDED
2001-07-18,77.25,81.87,-19.76,23.6,8256.14,BIL_EXTENDED,BIL_EXTENDED,BIL_EXTENDED
2001-07-19,77.92,81.8,-19.06,22.51,8844.57,BIL_EXTENDED,BIL_EXTENDED,BIL_EXTENDED
2001-07-20,77.46,81.74,-19.54,22.34,8228.18,BIL_EXTENDED,BIL_EXTENDED,BIL_EXTENDED
2001-07-23,75.93,81.67,-21.13,23.74,7611.51,BIL_EXTENDED,BIL_EXTENDED,BIL_EXTENDED
2001-07-24,75.2,81.59,-21.89,25.24,7352.56,BIL_EXTENDED,BIL_EXTENDED,BIL_EXTENDED
2001-07-25,76.03,81.52,-21.03,24.0,7544.57,BIL_EXTENDED,BIL_EXTENDED,BIL_EXTENDED
2001-07-26,76.83,81.46,-20.2,23.01,7879.62,BIL_EXTENDED,BIL_EXTENDED,BIL_EXTENDED
2001-07-27,77.12,81.41,-19.9,22.0,8368.18,BIL_EXTENDED,BIL_EXTENDED,BIL_EXTENDED
2001-07-30,77.14,81.36,-19.87,22.69,8218.26,BIL_EXTENDED,BIL_EXTENDED,BIL_EXTENDED
2001-07-31,77.46,81.33,-19.54,21.62,8253.42,BIL_EXTENDED,BIL_EXTENDED,BIL_EXTENDED
2001-08-01,77.95,81.28,-19.03,20.56,9047.63,BIL_EXTENDED,BIL_EXTENDED,BIL_EXTENDED
2001-08-02,78.27,81.24,-18.7,20.09,9557.39,BIL_EXTENDED,BIL_EXTENDED,BIL_EXTENDED
2001-08-03,77.84,81.2,-19.15,19.89,9080.34,BIL_EXTENDED,BIL_EXTENDED,BIL_EXTENDED
2001-08-06,76.79,81.16,-20.23,21.89,8651.04,BIL_EXTENDED,BIL_EXTENDED,BIL_EXTENDED
2001-08-07,77.09,81.11,-19.92,21.01,8516.35,BIL_EXTENDED,BIL_EXTENDED,BIL_EXTENDED
2001-08-08,75.66,81.04,-21.41,22.32,7440.41,BIL_EXTENDED,BIL_EXTENDED,BIL_EXTENDED
2001-08-09,75.89,80.98,-21.18,21.75,7533.83,BIL_EXTENDED,BIL_EXTENDED,BIL_EXTENDED
2001-08-10,76.15,80.91,-20.9,20.55,7316.79,BIL_EXTENDED,BIL_EXTENDED,BIL_EXTENDED
2001-08-13,76.17,80.86,-20.88,20.42,7763.4,BIL_EXTENDED,BIL_EXTENDED,BIL_EXTENDED
2001-08-14,76.14,80.81,-20.92,20.48,7479.77,BIL_EXTENDED,BIL_EXTENDED,BIL_EXTENDED
2001-08-15,75.48,80.75,-21.6,20.91,6650.44,BIL_EXTENDED,BIL_EXTENDED,BIL_EXTENDED
2001-08-16,75.74,80.68,-21.33,21.54,6884.91,BIL_EXTENDED,BIL_EXTENDED,BIL_EXTENDED
2001-08-17,74.53,80.6,-22.59,23.84,5944.84,BIL_EXTENDED,BIL_EXTENDED,BIL_EXTENDED
2001-08-20,75.22,80.53,-21.87,22.87,6190.23,BIL_EXTENDED,BIL_EXTENDED,BIL_EXTENDED
2001-08-21,73.93,80.45,-23.2,24.4,5418.63,BIL_EXTENDED,BIL_EXTENDED,BIL_EXTENDED
2001-08-22,74.7,80.37,-22.41,22.44,5861.49,BIL_EXTENDED,BIL_EXTENDED,BIL_EXTENDED
2001-08-23,74.43,80.29,-22.69,22.23,5688.65,BIL_EXTENDED,BIL_EXTENDED,BIL_EXTENDED
2001-08-24,75.98,80.21,-21.08,19.71,6593.85,BIL_EXTENDED,BIL_EXTENDED,BIL_EXTENDED
2001-08-27,75.52,80.14,-21.55,20.56,6618.78,BIL_EXTENDED,BIL_EXTENDED,BIL_EXTENDED
2001-08-28,74.42,80.07,-22.7,22.0,5997.86,BIL_EXTENDED,BIL_EXTENDED,BIL_EXTENDED
2001-08-29,73.76,80.01,-23.39,23.03,5733.31,BIL_EXTENDED,BIL_EXTENDED,BIL_EXTENDED
2001-08-30,72.34,79.94,-24.86,25.41,5096.56,BIL_EXTENDED,BIL_EXTENDED,BIL_EXTENDED
2001-08-31,72.87,79.87,-24.31,24.92,5290.82,BIL_EXTENDED,BIL_EXTENDED,BIL_EXTENDED
2001-09-04,72.4,79.79,-24.19,25.85,4787.97,BIL_EXTENDED,BIL_EXTENDED,BIL_EXTENDED
2001-09-05,72.58,79.71,-23.78,26.35,4731.1,BIL_EXTENDED,BIL_EXTENDED,BIL_EXTENDED
2001-09-06,70.71,79.63,-25.75,28.61,4156.44,BIL_EXTENDED,BIL_EXTENDED,BIL_EXTENDED
2001-09-07,69.4,79.56,-26.62,30.99,4082.72,BIL_EXTENDED,BIL_EXTENDED,BIL_EXTENDED
2001-09-10,70.25,79.48,-25.64,31.84,4227.94,BIL_EXTENDED,BIL_EXTENDED,BIL_EXTENDED
2001-09-17,66.58,79.39,-29.52,41.76,3149.1,BIL_EXTENDED,BIL_EXTENDED,BIL_EXTENDED
2001-09-18,66.42,79.3,-29.69,38.87,2937.02,BIL_EXTENDED,BIL_EXTENDED,BIL_EXTENDED
2001-09-19,65.08,79.19,-31.11,40.56,2783.8,BIL_EXTENDED,BIL_EXTENDED,BIL_EXTENDED
2001-09-20,63.01,79.09,-31.81,43.74,2505.04,BIL_EXTENDED,BIL_EXTENDED,BIL_EXTENDED
2001-09-21,62.33,78.98,-32.53,42.66,2302.6,BIL_EXTENDED,BIL_EXTENDED,BIL_EXTENDED
2001-09-24,64.52,78.88,-30.16,37.75,2650.48,BIL_EXTENDED,BIL_EXTENDED,BIL_EXTENDED
2001-09-25,65.2,78.79,-29.09,35.81,2674.55,BIL_EXTENDED,BIL_EXTENDED,BIL_EXTENDED
2001-09-26,64.97,78.69,-29.34,35.26,2396.19,BIL_EXTENDED,BIL_EXTENDED,BIL_EXTENDED
2001-09-27,65.53,78.58,-28.73,34.0,2348.46,BIL_EXTENDED,BIL_EXTENDED,BIL_EXTENDED
2001-09-28,66.92,78.49,-27.08,31.93,2472.06,BIL_EXTENDED,BIL_EXTENDED,BIL_EXTENDED
2001-10-01,66.81,78.4,-27.2,32.32,2407.99,BIL_EXTENDED,BIL_EXTENDED,BIL_EXTENDED
2001-10-02,67.65,78.31,-26.28,31.18,2430.52,BIL_EXTENDED,BIL_EXTENDED,BIL_EXTENDED
2001-10-03,68.78,78.22,-25.05,31.34,2981.98,BIL_EXTENDED,BIL_EXTENDED,BIL_EXTENDED
2001-10-04,68.84,78.13,-24.56,31.97,3068.45,BIL_EXTENDED,BIL_EXTENDED,BIL_EXTENDED
2001-10-05,68.71,78.04,-24.71,33.39,3203.62,BIL_EXTENDED,BIL_EXTENDED,BIL_EXTENDED
2001-10-08,68.26,77.95,-25.2,35.12,3233.76,BIL_EXTENDED,BIL_EXTENDED,BIL_EXTENDED
2001-10-09,67.89,77.88,-25.6,34.83,2999.17,BIL_EXTENDED,BIL_EXTENDED,BIL_EXTENDED
2001-10-10,69.41,77.8,-23.94,31.6,3407.11,BIL_EXTENDED,BIL_EXTENDED,BIL_EXTENDED
2001-10-11,70.48,77.74,-22.55,31.5,4098.9,BIL_EXTENDED,BIL_EXTENDED,BIL_EXTENDED
2001-10-12,70.16,77.69,-22.9,35.27,4045.57,BIL_EXTENDED,BIL_EXTENDED,BIL_EXTENDED
2001-10-15,70.03,77.64,-23.04,35.31,3992.74,BIL_EXTENDED,BIL_EXTENDED,BIL_EXTENDED
2001-10-16,70.48,77.58,-22.55,32.88,4187.58,BIL_EXTENDED,BIL_EXTENDED,BIL_EXTENDED
2001-10-17,68.98,77.5,-24.2,35.08,3285.47,BIL_EXTENDED,BIL_EXTENDED,BIL_EXTENDED
2001-10-18,68.83,77.42,-24.36,34.95,3552.64,BIL_EXTENDED,BIL_EXTENDED,BIL_EXTENDED
2001-10-19,68.78,77.34,-24.41,34.11,3622.85,BIL_EXTENDED,BIL_EXTENDED,BIL_EXTENDED
2001-10-22,70.14,77.28,-22.92,32.25,3914.27,BIL_EXTENDED,BIL_EXTENDED,BIL_EXTENDED
2001-10-23,69.78,77.22,-23.31,32.0,3975.47,BIL_EXTENDED,BIL_EXTENDED,BIL_EXTENDED
2001-10-24,69.6,77.14,-23.52,30.95,4233.63,BIL_EXTENDED,BIL_EXTENDED,BIL_EXTENDED
2001-10-25,70.85,77.07,-22.14,29.46,4743.22,BIL_EXTENDED,BIL_EXTENDED,BIL_EXTENDED
2001-10-26,70.69,77.01,-22.32,28.42,4437.57,BIL_EXTENDED,BIL_EXTENDED,BIL_EXTENDED
2001-10-29,68.85,76.94,-24.34,31.64,3709.11,BIL_EXTENDED,BIL_EXTENDED,BIL_EXTENDED
2001-10-30,68.02,76.87,-25.25,33.46,3493.22,BIL_EXTENDED,BIL_EXTENDED,BIL_EXTENDED
2001-10-31,67.79,76.79,-25.5,33.56,3656.34,BIL_EXTENDED,BIL_EXTENDED,BIL_EXTENDED
2001-11-01,69.53,76.72,-23.59,32.31,4122.14,BIL_EXTENDED,BIL_EXTENDED,BIL_EXTENDED
2001-11-02,70.0,76.65,-23.07,30.71,4212.97,BIL_EXTENDED,BIL_EXTENDED,BIL_EXTENDED
2001-11-05,70.92,76.58,-22.07,30.5,4624.63,BIL_EXTENDED,BIL_EXTENDED,BIL_EXTENDED
2001-11-06,72.02,76.52,-20.86,28.8,5164.17,BIL_EXTENDED,BIL_EXTENDED,BIL_EXTENDED
2001-11-07,71.92,76.45,-20.96,29.13,5143.71,BIL_EXTENDED,BIL_EXTENDED,BIL_EXTENDED
2001-11-08,72.15,76.38,-20.71,28.62,4985.71,BIL_EXTENDED,BIL_EXTENDED,BIL_EXTENDED
2001-11-09,72.23,76.32,-20.63,27.44,4977.59,BIL_EXTENDED,BIL_EXTENDED,BIL_EXTENDED
2001-11-12,71.78,76.24,-21.1,29.35,5084.27,BIL_EXTENDED,BIL_EXTENDED,BIL_EXTENDED
2001-11-13,73.4,76.18,-17.49,26.47,5629.98,BIL_EXTENDED,BIL_EXTENDED,BIL_EXTENDED
2001-11-14,73.47,76.11,-17.1,26.56,5749.92,BIL_EXTENDED,BIL_EXTENDED,BIL_EXTENDED
2001-11-15,73.6,76.05,-16.67,25.56,5680.06,BIL_EXTENDED,BIL_EXTENDED,BIL_EXTENDED
2001-11-16,73.28,75.98,-17.04,25.07,5632.37,BIL_EXTENDED,BIL_EXTENDED,BIL_EXTENDED
2001-11-19,74.18,75.92,-16.02,24.46,6112.86,BIL_EXTENDED,BIL_EXTENDED,BIL_EXTENDED
2001-11-20,73.56,75.85,-16.72,24.12,5265.67,BIL_EXTENDED,BIL_EXTENDED,BIL_EXTENDED
2001-11-21,73.07,75.78,-16.71,24.19,5183.66,BIL_EXTENDED,BIL_EXTENDED,BIL_EXTENDED
2001-11-23,74.12,75.72,-15.52,23.25,5531.57,BIL_EXTENDED,BIL_EXTENDED,BIL_EXTENDED
2001-11-26,74.28,75.66,-15.33,23.79,5941.15,BIL_EXTENDED,BIL_EXTENDED,BIL_EXTENDED
2001-11-27,73.96,75.6,-15.7,24.0,5918.79,BIL_EXTENDED,BIL_EXTENDED,BIL_EXTENDED
2001-11-28,72.62,75.54,-17.22,25.9,5278.1,BIL_EXTENDED,BIL_EXTENDED,BIL_EXTENDED
2001-11-29,73.6,75.48,-16.11,25.18,5768.25,BIL_EXTENDED,BIL_EXTENDED,BIL_EXTENDED
2001-11-30,73.08,75.43,-16.71,23.84,5638.08,BIL_EXTENDED,BIL_EXTENDED,BIL_EXTENDED
2001-12-03,72.64,75.37,-17.2,25.77,5347.8,BIL_EXTENDED,BIL_EXTENDED,BIL_EXTENDED
2001-12-04,73.87,75.32,-15.8,24.08,6113.33,BIL_EXTENDED,BIL_EXTENDED,BIL_EXTENDED
2001-12-05,75.22,75.27,-14.26,23.02,7020.44,BIL_EXTENDED,BIL_EXTENDED,BIL_EXTENDED
2001-12-06,75.19,75.23,-14.3,23.71,7049.66,BIL_EXTENDED,BIL_EXTENDED,BIL_EXTENDED
2001-12-07,74.69,75.19,-14.87,23.49,6467.82,BIL_EXTENDED,BIL_EXTENDED,BIL_EXTENDED
2001-12-10,73.29,75.15,-16.47,25.62,6128.13,BIL_EXTENDED,BIL_EXTENDED,BIL_EXTENDED
2001-12-11,73.14,75.11,-16.63,25.3,6231.04,BIL_EXTENDED,BIL_EXTENDED,BIL_EXTENDED
2001-12-12,73.22,75.08,-16.54,24.87,6380.42,BIL_EXTENDED,BIL_EXTENDED,BIL_EXTENDED
2001-12-13,71.8,75.04,-18.16,25.91,5551.16,BIL_EXTENDED,BIL_EXTENDED,BIL_EXTENDED
2001-12-14,72.49,75.0,-17.38,24.63,5697.54,BIL_EXTENDED,BIL_EXTENDED,BIL_EXTENDED
2001-12-17,73.24,74.96,-16.36,24.26,5991.37,BIL_EXTENDED,BIL_EXTENDED,BIL_EXTENDED
2001-12-18,73.67,74.94,-15.86,23.29,6193.79,BIL_EXTENDED,BIL_EXTENDED,BIL_EXTENDED
2001-12-19,74.19,74.91,-15.27,22.58,5855.8,BIL_EXTENDED,BIL_EXTENDED,BIL_EXTENDED
2001-12-20,73.46,74.89,-16.1,23.67,5109.69,BIL_EXTENDED,BIL_EXTENDED,BIL_EXTENDED
2001-12-21,73.91,74.86,-15.59,22.5,5382.17,BIL_EXTENDED,BIL_EXTENDED,BIL_EXTENDED
2001-12-24,73.77,74.83,-15.76,22.62,5316.53,BIL_EXTENDED,BIL_EXTENDED,BIL_EXTENDED
2001-12-26,74.17,74.8,-15.29,22.29,5466.42,BIL_EXTENDED,BIL_EXTENDED,BIL_EXTENDED
2001-12-27,74.62,74.77,-14.78,21.59,5598.44,BIL_EXTENDED,BIL_EXTENDED,BIL_EXTENDED
2001-12-28,74.58,74.75,-14.82,21.4,5732.56,BIL_EXTENDED,BIL_EXTENDED,BIL_EXTENDED
2001-12-31,73.49,74.74,-16.07,23.8,5126.81,BIL_EXTENDED,BIL_EXTENDED,BIL_EXTENDED
2002-01-02,74.28,74.73,-15.17,22.71,5600.96,BIL_EXTENDED,BIL_EXTENDED,BIL_EXTENDED
2002-01-03,75.12,74.74,-14.21,21.34,6183.05,BIL_EXTENDED,BIL_EXTENDED,BIL_EXTENDED
2002-01-04,75.62,74.74,-13.63,20.45,6258.79,SYNTH_3X_QQQ,SYNTH_3X_QQQ,SYNTH_3X_QQQ
2002-01-07,75.09,74.75,-14.24,21.94,6051.27,SYNTH_3X_QQQ,SYNTH_3X_QQQ,SYNTH_3X_QQQ
2002-01-08,74.92,74.75,-14.44,21.83,6174.41,SYNTH_3X_QQQ,SYNTH_3X_QQQ,SYNTH_3X_QQQ
2002-01-09,74.31,74.76,-15.14,22.13,6004.52,SYNTH_3X_QQQ,SYNTH_3X_QQQ,SYNTH_3X_QQQ
2002-01-10,74.63,74.77,-14.77,22.36,6122.6,BIL_EXTENDED,BIL_EXTENDED,BIL_EXTENDED
2002-01-11,73.9,74.79,-15.6,22.6,5887.11,BIL_EXTENDED,BIL_EXTENDED,BIL_EXTENDED
2002-01-14,73.44,74.79,-16.13,23.58,5502.09,BIL_EXTENDED,BIL_EXTENDED,BIL_EXTENDED
2002-01-15,74.04,74.79,-15.45,22.7,5658.86,BIL_EXTENDED,BIL_EXTENDED,BIL_EXTENDED
2002-01-16,72.54,74.78,-17.16,23.45,5002.14,BIL_EXTENDED,BIL_EXTENDED,BIL_EXTENDED
2002-01-17,73.08,74.78,-16.53,22.25,5338.61,BIL_EXTENDED,BIL_EXTENDED,BIL_EXTENDED
2002-01-18,72.75,74.78,-16.92,22.52,4910.24,BIL_EXTENDED,BIL_EXTENDED,BIL_EXTENDED
2002-01-22,72.25,74.77,-17.49,23.61,4455.81,BIL_EXTENDED,BIL_EXTENDED,BIL_EXTENDED
2002-01-23,72.8,74.77,-16.86,21.88,4823.78,BIL_EXTENDED,BIL_EXTENDED,BIL_EXTENDED
2002-01-24,73.03,74.78,-16.6,21.15,5015.65,BIL_EXTENDED,BIL_EXTENDED,BIL_EXTENDED
2002-01-25,73.01,74.79,-16.62,21.01,4972.95,BIL_EXTENDED,BIL_EXTENDED,BIL_EXTENDED
2002-01-28,73.21,74.79,-16.4,21.14,5057.28,BIL_EXTENDED,BIL_EXTENDED,BIL_EXTENDED
2002-01-29,70.9,74.79,-19.02,24.35,4641.38,BIL_EXTENDED,BIL_EXTENDED,BIL_EXTENDED
2002-01-30,71.93,74.78,-17.86,23.22,4747.53,BIL_EXTENDED,BIL_EXTENDED,BIL_EXTENDED
2002-01-31,72.77,74.77,-16.89,21.09,4836.66,BIL_EXTENDED,BIL_EXTENDED,BIL_EXTENDED
2002-02-01,72.43,74.76,-17.28,21.12,4697.08,BIL_EXTENDED,BIL_EXTENDED,BIL_EXTENDED
2002-02-04,70.63,74.74,-19.34,24.87,4246.15,BIL_EXTENDED,BIL_EXTENDED,BIL_EXTENDED
2002-02-05,70.19,74.72,-19.84,25.45,4035.52,BIL_EXTENDED,BIL_EXTENDED,BIL_EXTENDED
2002-02-06,69.89,74.69,-20.18,26.09,3952.02,BIL_EXTENDED,BIL_EXTENDED,BIL_EXTENDED
2002-02-07,69.45,74.64,-19.43,25.11,3665.82,BIL_EXTENDED,BIL_EXTENDED,BIL_EXTENDED
2002-02-08,70.78,74.59,-17.89,23.26,3971.95,BIL_EXTENDED,BIL_EXTENDED,BIL_EXTENDED
2002-02-11,71.65,74.55,-16.64,21.78,4123.34,BIL_EXTENDED,BIL_EXTENDED,BIL_EXTENDED
2002-02-12,71.43,74.52,-16.47,21.62,4021.88,BIL_EXTENDED,BIL_EXTENDED,BIL_EXTENDED
2002-02-13,72.18,74.5,-14.73,20.85,4227.63,BIL_EXTENDED,BIL_EXTENDED,BIL_EXTENDED
2002-02-14,72.05,74.46,-14.89,21.77,4203.46,BIL_EXTENDED,BIL_EXTENDED,BIL_EXTENDED
2002-02-15,71.3,74.43,-15.78,22.37,3827.17,BIL_EXTENDED,BIL_EXTENDED,BIL_EXTENDED
2002-02-19,69.93,74.38,-17.39,24.43,3474.04,BIL_EXTENDED,BIL_EXTENDED,BIL_EXTENDED
2002-02-20,71.1,74.33,-16.0,22.66,3615.15,BIL_EXTENDED,BIL_EXTENDED,BIL_EXTENDED
2002-02-21,69.63,74.27,-17.74,23.8,3099.75,BIL_EXTENDED,BIL_EXTENDED,BIL_EXTENDED
2002-02-22,70.49,74.22,-15.88,22.86,3146.85,BIL_EXTENDED,BIL_EXTENDED,BIL_EXTENDED
2002-02-25,71.66,74.18,-14.49,21.84,3528.28,BIL_EXTENDED,BIL_EXTENDED,BIL_EXTENDED
2002-02-26,71.51,74.13,-14.67,21.68,3488.84,BIL_EXTENDED,BIL_EXTENDED,BIL_EXTENDED
2002-02-27,71.79,74.09,-14.34,21.49,3344.67,BIL_EXTENDED,BIL_EXTENDED,BIL_EXTENDED
2002-02-28,71.46,74.05,-14.72,21.59,3163.71,BIL_EXTENDED,BIL_EXTENDED,BIL_EXTENDED
2002-03-01,73.13,74.01,-12.73,19.96,3714.28,BIL_EXTENDED,BIL_EXTENDED,BIL_EXTENDED
2002-03-04,74.42,73.98,-11.19,20.5,4153.75,BIL_EXTENDED,BIL_EXTENDED,BIL_EXTENDED
2002-03-05,74.18,73.96,-11.48,20.3,4244.15,SYNTH_3X_QQQ,SYNTH_3X_QQQ,SYNTH_3X_QQQ
2002-03-06,75.06,73.93,-10.42,19.94,4305.24,SYNTH_3X_QQQ,SYNTH_3X_QQQ,SYNTH_3X_QQQ
2002-03-07,74.9,73.91,-10.62,20.04,4332.56,SYNTH_3X_QQQ,SYNTH_3X_QQQ,SYNTH_3X_QQQ
2002-03-08,75.22,73.87,-10.24,19.27,4673.9,SYNTH_3X_QQQ,SYNTH_3X_QQQ,SYNTH_3X_QQQ
2002-03-11,75.38,73.84,-10.05,19.84,4622.95,SYNTH_3X_QQQ,SYNTH_3X_QQQ,SYNTH_3X_QQQ
2002-03-12,75.33,73.8,-10.1,19.59,4432.01,SYNTH_3X_QQQ,SYNTH_3X_QQQ,SYNTH_3X_QQQ
2002-03-13,74.61,73.75,-10.97,19.46,4109.94,SYNTH_3X_QQQ,SYNTH_3X_QQQ,BIL_EXTENDED (stopped)
2002-03-14,74.51,73.71,-11.09,19.2,4036.63,SYNTH_3X_QQQ,SYNTH_3X_QQQ,BIL_EXTENDED (stopped)
2002-03-15,75.22,73.67,-10.25,18.42,4158.03,SYNTH_3X_QQQ,SYNTH_3X_QQQ,BIL_EXTENDED (stopped)
2002-03-18,75.23,73.64,-10.23,18.93,4228.25,SYNTH_3X_QQQ,SYNTH_3X_QQQ,BIL_EXTENDED (stopped)
2002-03-19,75.73,73.61,-9.63,18.16,4207.75,SYNTH_3X_QQQ,SYNTH_3X_QQQ,BIL_EXTENDED (stopped)
2002-03-20,74.31,73.58,-11.33,18.46,3761.83,SYNTH_3X_QQQ,SYNTH_3X_QQQ,BIL_EXTENDED (stopped)
2002-03-21,74.34,73.55,-11.29,18.15,4062.13,SYNTH_3X_QQQ,SYNTH_3X_QQQ,BIL_EXTENDED (stopped)
2002-03-22,74.18,73.52,-11.48,17.77,3950.06,SYNTH_3X_QQQ,SYNTH_3X_QQQ,BIL_EXTENDED (stopped)
2002-03-25,73.25,73.48,-12.58,18.48,3588.07,SYNTH_3X_QQQ,SYNTH_3X_QQQ,BIL_EXTENDED (stopped)
2002-03-26,73.68,73.44,-12.08,18.13,3687.82,BIL_EXTENDED,BIL_EXTENDED,BIL_EXTENDED
2002-03-27,73.87,73.4,-11.85,17.7,3601.38,SYNTH_3X_QQQ,SYNTH_3X_QQQ,SYNTH_3X_QQQ
2002-03-28,73.84,73.37,-11.88,17.4,3737.77,SYNTH_3X_QQQ,SYNTH_3X_QQQ,SYNTH_3X_QQQ
2002-04-01,73.87,73.33,-11.85,18.73,3952.19,SYNTH_3X_QQQ,SYNTH_3X_QQQ,SYNTH_3X_QQQ
2002-04-02,73.47,73.29,-12.33,19.16,3416.48,SYNTH_3X_QQQ,SYNTH_3X_QQQ,BIL_EXTENDED (stopped)
2002-04-03,72.95,73.25,-12.95,20.2,3398.82,SYNTH_3X_QQQ,SYNTH_3X_QQQ,BIL_EXTENDED (stopped)
2002-04-04,72.65,73.22,-13.31,19.78,3320.11,BIL_EXTENDED,BIL_EXTENDED,BIL_EXTENDED
2002-04-05,72.66,73.18,-13.29,19.13,3208.23,BIL_EXTENDED,BIL_EXTENDED,BIL_EXTENDED
2002-04-08,72.82,73.16,-13.11,19.61,3328.52,BIL_EXTENDED,BIL_EXTENDED,BIL_EXTENDED
2002-04-09,72.31,73.13,-13.72,19.47,2981.2,BIL_EXTENDED,BIL_EXTENDED,BIL_EXTENDED
2002-04-10,73.13,73.11,-12.74,18.19,3047.65,BIL_EXTENDED,BIL_EXTENDED,BIL_EXTENDED
2002-04-11,71.31,73.08,-14.91,20.3,2820.58,SYNTH_3X_QQQ,SYNTH_3X_QQQ,SYNTH_3X_QQQ
2002-04-12,71.84,73.05,-14.27,19.42,2953.81,BIL_EXTENDED,BIL_EXTENDED,BIL_EXTENDED
2002-04-15,71.29,73.01,-14.92,19.82,3025.08,BIL_EXTENDED,BIL_EXTENDED,BIL_EXTENDED
2002-04-16,72.99,72.98,-12.9,18.11,3403.66,BIL_EXTENDED,BIL_EXTENDED,BIL_EXTENDED
2002-04-17,72.84,72.96,-13.08,18.43,3351.32,SYNTH_3X_QQQ,SYNTH_3X_QQQ,SYNTH_3X_QQQ
2002-04-18,72.52,72.93,-13.46,19.29,3158.84,BIL_EXTENDED,BIL_EXTENDED,BIL_EXTENDED
2002-04-19,72.78,72.91,-13.15,18.3,3189.06,BIL_EXTENDED,BIL_EXTENDED,BIL_EXTENDED
2002-04-22,71.57,72.87,-14.59,19.77,2947.41,BIL_EXTENDED,BIL_EXTENDED,BIL_EXTENDED
2002-04-23,71.26,72.84,-14.96,20.28,2794.62,BIL_EXTENDED,BIL_EXTENDED,BIL_EXTENDED
2002-04-24,70.55,72.8,-15.82,20.77,2664.98,BIL_EXTENDED,BIL_EXTENDED,BIL_EXTENDED
2002-04-25,70.59,72.75,-15.77,20.95,2645.2,BIL_EXTENDED,BIL_EXTENDED,BIL_EXTENDED
2002-04-26,69.24,72.71,-17.37,22.14,2307.31,BIL_EXTENDED,BIL_EXTENDED,BIL_EXTENDED
2002-04-29,68.9,72.68,-17.78,24.05,2325.06,BIL_EXTENDED,BIL_EXTENDED,BIL_EXTENDED
2002-04-30,69.55,72.64,-17.01,21.91,2461.7,BIL_EXTENDED,BIL_EXTENDED,BIL_EXTENDED
2002-05-01,70.4,72.62,-15.99,20.06,2422.04,BIL_EXTENDED,BIL_EXTENDED,BIL_EXTENDED
2002-05-02,70.13,72.59,-16.32,20.07,2180.21,BIL_EXTENDED,BIL_EXTENDED,BIL_EXTENDED
2002-05-03,69.37,72.55,-17.22,20.19,2015.05,BIL_EXTENDED,BIL_EXTENDED,BIL_EXTENDED
2002-05-06,68.01,72.5,-18.85,22.56,1858.46,BIL_EXTENDED,BIL_EXTENDED,BIL_EXTENDED
2002-05-07,67.77,72.45,-19.13,21.94,1806.43,BIL_EXTENDED,BIL_EXTENDED,BIL_EXTENDED
2002-05-08,70.29,72.41,-16.12,20.39,2386.06,BIL_EXTENDED,BIL_EXTENDED,BIL_EXTENDED
2002-05-09,69.48,72.38,-17.09,21.56,2201.21,BIL_EXTENDED,BIL_EXTENDED,BIL_EXTENDED
2002-05-10,68.17,72.33,-18.66,22.41,1904.55,BIL_EXTENDED,BIL_EXTENDED,BIL_EXTENDED
2002-05-13,69.55,72.29,-17.0,20.72,2136.43,BIL_EXTENDED,BIL_EXTENDED,BIL_EXTENDED
2002-05-14,71.07,72.26,-15.19,19.35,2513.48,BIL_EXTENDED,BIL_EXTENDED,BIL_EXTENDED
2002-05-15,70.79,72.24,-15.52,19.19,2568.95,BIL_EXTENDED,BIL_EXTENDED,BIL_EXTENDED
2002-05-16,71.16,72.22,-15.08,18.5,2580.6,BIL_EXTENDED,BIL_EXTENDED,BIL_EXTENDED
2002-05-17,71.51,72.19,-14.67,17.7,2596.99,BIL_EXTENDED,BIL_EXTENDED,BIL_EXTENDED
2002-05-20,70.73,72.16,-15.59,19.24,2426.55,BIL_EXTENDED,BIL_EXTENDED,BIL_EXTENDED
2002-05-21,70.09,72.12,-16.36,20.05,2227.57,BIL_EXTENDED,BIL_EXTENDED,BIL_EXTENDED
2002-05-22,70.24,72.09,-16.18,19.58,2242.42,BIL_EXTENDED,BIL_EXTENDED,BIL_EXTENDED
2002-05-23,70.99,72.05,-15.29,18.23,2377.31,BIL_EXTENDED,BIL_EXTENDED,BIL_EXTENDED
2002-05-24,70.08,72.01,-16.37,18.9,2201.32,BIL_EXTENDED,BIL_EXTENDED,BIL_EXTENDED
2002-05-28,69.7,71.97,-16.72,20.31,2171.64,BIL_EXTENDED,BIL_EXTENDED,BIL_EXTENDED
2002-05-29,69.19,71.93,-16.15,20.39,1999.78,BIL_EXTENDED,BIL_EXTENDED,BIL_EXTENDED
2002-05-30,68.99,71.89,-16.39,20.61,2051.22,BIL_EXTENDED,BIL_EXTENDED,BIL_EXTENDED
2002-05-31,69.13,71.86,-15.68,19.98,1950.4,BIL_EXTENDED,BIL_EXTENDED,BIL_EXTENDED
2002-06-03,67.3,71.82,-17.92,23.37,1743.85,BIL_EXTENDED,BIL_EXTENDED,BIL_EXTENDED
2002-06-04,67.46,71.77,-17.71,23.89,1812.39,BIL_EXTENDED,BIL_EXTENDED,BIL_EXTENDED
2002-06-05,68.1,71.73,-16.94,22.61,1867.88,BIL_EXTENDED,BIL_EXTENDED,BIL_EXTENDED
2002-06-06,66.71,71.69,-18.63,24.16,1720.44,BIL_EXTENDED,BIL_EXTENDED,BIL_EXTENDED
2002-06-07,66.63,71.64,-18.73,23.51,1616.72,BIL_EXTENDED,BIL_EXTENDED,BIL_EXTENDED
2002-06-10,66.89,71.6,-18.41,23.72,1608.09,BIL_EXTENDED,BIL_EXTENDED,BIL_EXTENDED
2002-06-11,65.74,71.55,-19.43,24.45,1473.12,BIL_EXTENDED,BIL_EXTENDED,BIL_EXTENDED
2002-06-12,66.14,71.51,-18.94,24.15,1537.44,BIL_EXTENDED,BIL_EXTENDED,BIL_EXTENDED
2002-06-13,65.48,71.47,-19.0,25.02,1507.59,BIL_EXTENDED,BIL_EXTENDED,BIL_EXTENDED
2002-06-14,65.38,71.42,-18.55,25.96,1497.72,BIL_EXTENDED,BIL_EXTENDED,BIL_EXTENDED
2002-06-17,67.14,71.38,-16.21,24.64,1650.59,BIL_EXTENDED,BIL_EXTENDED,BIL_EXTENDED
2002-06-18,67.68,71.34,-14.8,24.24,1730.28,BIL_EXTENDED,BIL_EXTENDED,BIL_EXTENDED
2002-06-19,66.1,71.29,-16.58,26.06,1429.71,BIL_EXTENDED,BIL_EXTENDED,BIL_EXTENDED
2002-06-20,65.26,71.25,-17.64,27.48,1291.6,BIL_EXTENDED,BIL_EXTENDED,BIL_EXTENDED
2002-06-21,64.24,71.2,-18.93,27.23,1197.83,BIL_EXTENDED,BIL_EXTENDED,BIL_EXTENDED
2002-06-24,64.58,71.16,-18.5,26.98,1268.76,BIL_EXTENDED,BIL_EXTENDED,BIL_EXTENDED
2002-06-25,63.13,71.11,-20.33,27.84,1142.95,BIL_EXTENDED,BIL_EXTENDED,BIL_EXTENDED
2002-06-26,63.23,71.07,-20.2,28.42,1168.49,BIL_EXTENDED,BIL_EXTENDED,BIL_EXTENDED
2002-06-27,64.34,71.03,-18.81,26.29,1244.98,BIL_EXTENDED,BIL_EXTENDED,BIL_EXTENDED
2002-06-28,64.03,70.99,-19.19,25.4,1229.26,BIL_EXTENDED,BIL_EXTENDED,BIL_EXTENDED
2002-07-01,62.78,70.96,-20.77,27.11,1052.6,BIL_EXTENDED,BIL_EXTENDED,BIL_EXTENDED
2002-07-02,61.45,70.92,-22.45,28.96,938.19,BIL_EXTENDED,BIL_EXTENDED,BIL_EXTENDED
2002-07-03,61.8,70.89,-22.01,29.42,1032.17,BIL_EXTENDED,BIL_EXTENDED,BIL_EXTENDED
2002-07-05,64.26,70.88,-18.91,27.11,1231.06,BIL_EXTENDED,BIL_EXTENDED,BIL_EXTENDED
2002-07-08,63.46,70.87,-19.92,28.25,1096.41,BIL_EXTENDED,BIL_EXTENDED,BIL_EXTENDED
2002-07-09,61.86,70.87,-21.92,30.22,1003.06,BIL_EXTENDED,BIL_EXTENDED,BIL_EXTENDED
2002-07-10,59.61,70.85,-23.84,34.1,910.28,BIL_EXTENDED,BIL_EXTENDED,BIL_EXTENDED
2002-07-11,60.09,70.83,-23.22,33.85,1013.08,BIL_EXTENDED,BIL_EXTENDED,BIL_EXTENDED
2002-07-12,59.43,70.8,-24.07,32.94,1013.04,BIL_EXTENDED,BIL_EXTENDED,BIL_EXTENDED
2002-07-15,59.75,70.78,-23.66,35.03,1107.36,BIL_EXTENDED,BIL_EXTENDED,BIL_EXTENDED
2002-07-16,58.6,70.74,-25.13,36.65,1057.95,BIL_EXTENDED,BIL_EXTENDED,BIL_EXTENDED
2002-07-17,58.71,70.7,-24.98,35.45,1115.87,BIL_EXTENDED,BIL_EXTENDED,BIL_EXTENDED
2002-07-18,56.81,70.65,-27.42,35.12,995.76,BIL_EXTENDED,BIL_EXTENDED,BIL_EXTENDED
2002-07-19,54.81,70.59,-29.97,38.17,906.33,BIL_EXTENDED,BIL_EXTENDED,BIL_EXTENDED
2002-07-22,53.19,70.51,-32.04,41.87,839.43,BIL_EXTENDED,BIL_EXTENDED,BIL_EXTENDED
2002-07-23,51.73,70.42,-33.9,44.92,731.78,BIL_EXTENDED,BIL_EXTENDED,BIL_EXTENDED
2002-07-24,54.82,70.35,-29.96,39.86,851.31,BIL_EXTENDED,BIL_EXTENDED,BIL_EXTENDED
2002-07-25,54.35,70.28,-30.56,39.27,703.15,BIL_EXTENDED,BIL_EXTENDED,BIL_EXTENDED
2002-07-26,55.39,70.22,-29.23,35.51,742.94,BIL_EXTENDED,BIL_EXTENDED,BIL_EXTENDED
2002-07-29,58.09,70.16,-25.79,31.33,856.96,BIL_EXTENDED,BIL_EXTENDED,BIL_EXTENDED
2002-07-30,58.84,70.11,-24.82,31.92,908.71,BIL_EXTENDED,BIL_EXTENDED,BIL_EXTENDED
2002-07-31,58.99,70.05,-24.64,32.03,857.09,BIL_EXTENDED,BIL_EXTENDED,BIL_EXTENDED
2002-08-01,57.45,69.99,-26.6,36.95,736.31,BIL_EXTENDED,BIL_EXTENDED,BIL_EXTENDED
2002-08-02,56.16,69.92,-28.25,41.29,689.64,BIL_EXTENDED,BIL_EXTENDED,BIL_EXTENDED
2002-08-05,54.2,69.84,-30.75,45.08,614.29,BIL_EXTENDED,BIL_EXTENDED,BIL_EXTENDED
2002-08-06,56.03,69.78,-28.42,42.03,705.38,BIL_EXTENDED,BIL_EXTENDED,BIL_EXTENDED
2002-08-07,57.01,69.72,-27.17,38.73,733.57,BIL_EXTENDED,BIL_EXTENDED,BIL_EXTENDED
2002-08-08,58.85,69.66,-24.4,36.33,807.87,BIL_EXTENDED,BIL_EXTENDED,BIL_EXTENDED
2002-08-09,59.07,69.61,-23.38,35.33,783.16,BIL_EXTENDED,BIL_EXTENDED,BIL_EXTENDED
2002-08-12,58.64,69.55,-23.94,37.05,790.18,BIL_EXTENDED,BIL_EXTENDED,BIL_EXTENDED
2002-08-13,57.57,69.49,-24.42,35.82,709.11,BIL_EXTENDED,BIL_EXTENDED,BIL_EXTENDED
2002-08-14,59.67,69.43,-21.66,32.36,844.62,BIL_EXTENDED,BIL_EXTENDED,BIL_EXTENDED
2002-08-15,60.5,69.39,-20.57,29.43,896.24,BIL_EXTENDED,BIL_EXTENDED,BIL_EXTENDED
2002-08-16,60.32,69.35,-20.81,28.81,914.84,BIL_EXTENDED,BIL_EXTENDED,BIL_EXTENDED
2002-08-19,61.73,69.32,-18.92,28.61,981.47,BIL_EXTENDED,BIL_EXTENDED,BIL_EXTENDED
2002-08-20,61.08,69.28,-19.61,29.59,968.64,BIL_EXTENDED,BIL_EXTENDED,BIL_EXTENDED
2002-08-21,61.95,69.24,-18.46,28.23,1033.2,BIL_EXTENDED,BIL_EXTENDED,BIL_EXTENDED
2002-08-22,62.56,69.2,-17.66,27.75,1082.51,BIL_EXTENDED,BIL_EXTENDED,BIL_EXTENDED
2002-08-23,61.21,69.14,-19.43,29.32,957.09,BIL_EXTENDED,BIL_EXTENDED,BIL_EXTENDED
2002-08-26,61.64,69.09,-18.87,29.89,968.47,BIL_EXTENDED,BIL_EXTENDED,BIL_EXTENDED
2002-08-27,60.93,69.04,-19.81,30.11,867.18,BIL_EXTENDED,BIL_EXTENDED,BIL_EXTENDED
2002-08-28,59.59,68.97,-21.56,33.32,772.13,BIL_EXTENDED,BIL_EXTENDED,BIL_EXTENDED
2002-08-29,59.62,68.91,-21.53,33.67,802.69,BIL_EXTENDED,BIL_EXTENDED,BIL_EXTENDED
2002-08-30,59.39,68.84,-21.58,32.64,772.29,BIL_EXTENDED,BIL_EXTENDED,BIL_EXTENDED
2002-09-03,57.12,68.76,-24.57,39.97,688.42,BIL_EXTENDED,BIL_EXTENDED,BIL_EXTENDED
2002-09-04,57.94,68.68,-23.5,37.44,696.61,BIL_EXTENDED,BIL_EXTENDED,BIL_EXTENDED
2002-09-05,57.45,68.6,-24.15,38.86,645.1,BIL_EXTENDED,BIL_EXTENDED,BIL_EXTENDED
2002-09-06,58.23,68.52,-23.1,36.33,704.43,BIL_EXTENDED,BIL_EXTENDED,BIL_EXTENDED
2002-09-09,58.66,68.45,-22.54,36.45,725.68,BIL_EXTENDED,BIL_EXTENDED,BIL_EXTENDED
2002-09-10,59.33,68.38,-21.65,35.08,779.41,BIL_EXTENDED,BIL_EXTENDED,BIL_EXTENDED
2002-09-11,58.97,68.3,-22.14,34.81,759.61,BIL_EXTENDED,BIL_EXTENDED,BIL_EXTENDED
2002-09-12,57.88,68.22,-23.57,37.5,697.39,BIL_EXTENDED,BIL_EXTENDED,BIL_EXTENDED
2002-09-13,58.02,68.14,-23.39,35.82,713.87,BIL_EXTENDED,BIL_EXTENDED,BIL_EXTENDED
2002-09-16,58.16,68.07,-23.2,36.74,683.1,BIL_EXTENDED,BIL_EXTENDED,BIL_EXTENDED
2002-09-17,56.83,67.99,-24.96,38.01,639.67,BIL_EXTENDED,BIL_EXTENDED,BIL_EXTENDED
2002-09-18,56.26,67.9,-25.71,37.52,618.01,BIL_EXTENDED,BIL_EXTENDED,BIL_EXTENDED
2002-09-19,54.81,67.81,-27.63,40.65,588.4,BIL_EXTENDED,BIL_EXTENDED,BIL_EXTENDED
2002-09-20,54.82,67.72,-27.61,38.98,595.74,BIL_EXTENDED,BIL_EXTENDED,BIL_EXTENDED
2002-09-23,54.37,67.61,-28.2,39.68,542.11,BIL_EXTENDED,BIL_EXTENDED,BIL_EXTENDED
2002-09-24,53.5,67.51,-29.36,40.52,542.86,BIL_EXTENDED,BIL_EXTENDED,BIL_EXTENDED
2002-09-25,54.82,67.41,-27.61,37.33,607.89,BIL_EXTENDED,BIL_EXTENDED,BIL_EXTENDED
2002-09-26,55.72,67.32,-26.42,34.6,585.36,BIL_EXTENDED,BIL_EXTENDED,BIL_EXTENDED
2002-09-27,53.78,67.22,-28.98,36.97,561.76,BIL_EXTENDED,BIL_EXTENDED,BIL_EXTENDED
2002-09-30,53.16,67.12,-29.8,39.69,515.08,BIL_EXTENDED,BIL_EXTENDED,BIL_EXTENDED
2002-10-01,55.71,67.04,-26.43,34.12,609.02,BIL_EXTENDED,BIL_EXTENDED,BIL_EXTENDED
2002-10-02,54.04,66.95,-28.64,36.83,548.32,BIL_EXTENDED,BIL_EXTENDED,BIL_EXTENDED
2002-10-03,53.5,66.85,-29.36,37.31,508.82,BIL_EXTENDED,BIL_EXTENDED,BIL_EXTENDED
2002-10-04,52.52,66.74,-30.65,39.46,480.1,BIL_EXTENDED,BIL_EXTENDED,BIL_EXTENDED
2002-10-07,51.43,66.63,-32.09,42.64,466.63,BIL_EXTENDED,BIL_EXTENDED,BIL_EXTENDED
2002-10-08,52.24,66.52,-31.02,41.02,469.39,BIL_EXTENDED,BIL_EXTENDED,BIL_EXTENDED
2002-10-09,50.76,66.41,-32.97,42.13,459.61,BIL_EXTENDED,BIL_EXTENDED,BIL_EXTENDED
2002-10-10,52.41,66.3,-30.8,37.55,529.71,BIL_EXTENDED,BIL_EXTENDED,BIL_EXTENDED
2002-10-11,54.7,66.2,-27.77,35.7,615.63,BIL_EXTENDED,BIL_EXTENDED,BIL_EXTENDED
2002-10-14,55.01,66.11,-27.37,36.04,637.21,BIL_EXTENDED,BIL_EXTENDED,BIL_EXTENDED
2002-10-15,57.65,66.02,-23.87,34.02,729.03,BIL_EXTENDED,BIL_EXTENDED,BIL_EXTENDED
2002-10-16,56.25,65.94,-25.72,36.0,656.59,BIL_EXTENDED,BIL_EXTENDED,BIL_EXTENDED
2002-10-17,57.37,65.85,-24.24,34.1,723.15,BIL_EXTENDED,BIL_EXTENDED,BIL_EXTENDED
2002-10-18,57.61,65.76,-23.93,33.53,747.08,BIL_EXTENDED,BIL_EXTENDED,BIL_EXTENDED
2002-10-21,58.61,65.68,-22.61,33.11,792.23,BIL_EXTENDED,BIL_EXTENDED,BIL_EXTENDED
2002-10-22,58.18,65.59,-23.17,34.09,777.52,BIL_EXTENDED,BIL_EXTENDED,BIL_EXTENDED
2002-10-23,58.63,65.51,-22.59,33.2,821.94,BIL_EXTENDED,BIL_EXTENDED,BIL_EXTENDED
2002-10-24,57.43,65.43,-24.17,34.03,759.76,BIL_EXTENDED,BIL_EXTENDED,BIL_EXTENDED
2002-10-25,58.63,65.35,-22.59,30.0,828.17,BIL_EXTENDED,BIL_EXTENDED,BIL_EXTENDED
2002-10-28,58.24,65.27,-23.09,31.07,807.02,BIL_EXTENDED,BIL_EXTENDED,BIL_EXTENDED
2002-10-29,57.57,65.19,-23.99,32.27,750.64,BIL_EXTENDED,BIL_EXTENDED,BIL_EXTENDED
2002-10-30,58.13,65.11,-23.25,31.23,810.86,BIL_EXTENDED,BIL_EXTENDED,BIL_EXTENDED
2002-10-31,57.53,65.04,-24.03,31.14,809.84,BIL_EXTENDED,BIL_EXTENDED,BIL_EXTENDED
2002-11-01,58.67,64.96,-22.53,29.3,879.08,BIL_EXTENDED,BIL_EXTENDED,BIL_EXTENDED
2002-11-04,59.23,64.9,-21.79,30.82,946.94,BIL_EXTENDED,BIL_EXTENDED,BIL_EXTENDED
2002-11-05,59.7,64.83,-21.17,31.23,968.84,BIL_EXTENDED,BIL_EXTENDED,BIL_EXTENDED
2002-11-06,60.47,64.77,-20.15,30.73,1010.01,BIL_EXTENDED,BIL_EXTENDED,BIL_EXTENDED
2002-11-07,58.99,64.7,-22.11,31.42,903.51,BIL_EXTENDED,BIL_EXTENDED,BIL_EXTENDED
2002-11-08,58.27,64.63,-23.06,29.41,853.6,BIL_EXTENDED,BIL_EXTENDED,BIL_EXTENDED
2002-11-11,57.36,64.55,-24.25,31.3,775.93,BIL_EXTENDED,BIL_EXTENDED,BIL_EXTENDED
2002-11-12,57.82,64.48,-23.65,30.58,835.27,BIL_EXTENDED,BIL_EXTENDED,BIL_EXTENDED
2002-11-13,57.88,64.41,-23.57,31.24,865.4,BIL_EXTENDED,BIL_EXTENDED,BIL_EXTENDED
2002-11-14,58.97,64.34,-22.13,28.67,954.89,BIL_EXTENDED,BIL_EXTENDED,BIL_EXTENDED
2002-11-15,59.41,64.28,-21.56,26.65,992.17,BIL_EXTENDED,BIL_EXTENDED,BIL_EXTENDED
2002-11-18,58.81,64.22,-22.35,27.66,948.23,BIL_EXTENDED,BIL_EXTENDED,BIL_EXTENDED
2002-11-19,58.73,64.16,-22.45,27.41,904.51,BIL_EXTENDED,BIL_EXTENDED,BIL_EXTENDED
2002-11-20,60.04,64.11,-20.72,25.32,1019.79,BIL_EXTENDED,BIL_EXTENDED,BIL_EXTENDED
2002-11-21,61.15,64.07,-19.25,23.81,1133.02,BIL_EXTENDED,BIL_EXTENDED,BIL_EXTENDED
2002-11-22,60.72,64.02,-19.82,23.16,1131.75,BIL_EXTENDED,BIL_EXTENDED,BIL_EXTENDED
2002-11-25,60.76,63.97,-19.77,24.07,1164.78,BIL_EXTENDED,BIL_EXTENDED,BIL_EXTENDED
2002-11-26,59.6,63.91,-21.3,25.97,1047.38,BIL_EXTENDED,BIL_EXTENDED,BIL_EXTENDED
2002-11-27,61.28,63.85,-19.09,27.25,1147.24,BIL_EXTENDED,BIL_EXTENDED,BIL_EXTENDED
2002-11-29,61.08,63.8,-19.34,27.5,1123.77,BIL_EXTENDED,BIL_EXTENDED,BIL_EXTENDED
2002-12-02,61.18,63.75,-19.21,27.46,1157.78,BIL_EXTENDED,BIL_EXTENDED,BIL_EXTENDED
2002-12-03,60.36,63.7,-20.3,28.33,1054.77,BIL_EXTENDED,BIL_EXTENDED,BIL_EXTENDED
2002-12-04,60.09,63.64,-20.66,28.92,984.85,BIL_EXTENDED,BIL_EXTENDED,BIL_EXTENDED
2002-12-05,59.42,63.59,-21.53,30.1,943.68,BIL_EXTENDED,BIL_EXTENDED,BIL_EXTENDED
2002-12-06,59.81,63.54,-21.02,28.88,972.81,BIL_EXTENDED,BIL_EXTENDED,BIL_EXTENDED
2002-12-09,58.17,63.47,-23.19,30.78,834.96,BIL_EXTENDED,BIL_EXTENDED,BIL_EXTENDED
2002-12-10,58.95,63.41,-22.16,28.76,872.67,BIL_EXTENDED,BIL_EXTENDED,BIL_EXTENDED
2002-12-11,59.0,63.35,-22.09,27.76,884.91,BIL_EXTENDED,BIL_EXTENDED,BIL_EXTENDED
2002-12-12,59.0,63.28,-22.1,27.29,899.33,BIL_EXTENDED,BIL_EXTENDED,BIL_EXTENDED
2002-12-13,58.07,63.21,-23.33,28.18,813.74,BIL_EXTENDED,BIL_EXTENDED,BIL_EXTENDED
2002-12-16,59.57,63.13,-21.34,26.24,892.68,BIL_EXTENDED,BIL_EXTENDED,BIL_EXTENDED
2002-12-17,59.05,63.06,-22.03,26.66,900.93,BIL_EXTENDED,BIL_EXTENDED,BIL_EXTENDED
2002-12-18,58.37,62.97,-22.93,28.29,843.57,BIL_EXTENDED,BIL_EXTENDED,BIL_EXTENDED
2002-12-19,57.95,62.89,-23.48,30.21,811.63,BIL_EXTENDED,BIL_EXTENDED,BIL_EXTENDED
2002-12-20,58.78,62.81,-22.39,26.71,836.86,BIL_EXTENDED,BIL_EXTENDED,BIL_EXTENDED
2002-12-23,58.8,62.72,-22.36,26.2,871.54,BIL_EXTENDED,BIL_EXTENDED,BIL_EXTENDED
2002-12-24,58.36,62.64,-22.94,26.49,838.91,BIL_EXTENDED,BIL_EXTENDED,BIL_EXTENDED
2002-12-26,58.38,62.56,-22.91,27.37,831.93,BIL_EXTENDED,BIL_EXTENDED,BIL_EXTENDED
2002-12-27,57.07,62.47,-24.64,29.55,786.48,BIL_EXTENDED,BIL_EXTENDED,BIL_EXTENDED
2002-12-30,57.55,62.38,-24.01,29.62,768.39,BIL_EXTENDED,BIL_EXTENDED,BIL_EXTENDED
2002-12-31,57.63,62.3,-23.91,28.62,744.03,BIL_EXTENDED,BIL_EXTENDED,BIL_EXTENDED
